"barcodes"	"Cell_ID"	"Age"	"Plate"	"num_genes_expressed"	"Total_mRNAs"	"tSNE1_pos"	"tSNE2_pos"	"raw_cluster"	"CellType"
"q1_0"	"E14_C01"	"E14"	"E14_Plate1"	3321	14732	6.32755817431581	7.14575493346791	38	"Neurogenic Cells"
"q2_0"	"E14_C02"	"E14"	"E14_Plate1"	3445	15111.9999999999	43.7313416435039	2.88154511831248	37	"Amacrine Cells"
"q3_0"	"E14_C03"	"E14"	"E14_Plate1"	3135	13932	25.5110271983041	24.9310694375956	31	"Early RPCs"
"q4_0"	"E14_C04"	"E14"	"E14_Plate1"	3290	14392	20.5459801872249	-1.71982923001851	14	"Retinal Ganglion Cells"
"q5_0"	"E14_C05"	"E14"	"E14_Plate1"	1960	9116.00000000001	24.9061417838907	29.8601976274711	26	"Early RPCs"
"q6_0"	"E14_C06"	"E14"	"E14_Plate1"	1935	8948.00000000001	24.3432925973965	13.3362877950734	1	"Early RPCs"
"q7_0"	"E14_C07"	"E14"	"E14_Plate1"	3949	17280	18.5183651079615	33.3598667780036	40	"Early RPCs"
"q8_0"	"E14_C08"	"E14"	"E14_Plate1"	2949	13208.0000000001	23.5120618750192	-1.72673803361381	14	"Retinal Ganglion Cells"
"q9_0"	"E14_C09"	"E14"	"E14_Plate1"	1101	4403.99999999999	20.7281918428847	35.238901381301	40	"Early RPCs"
"q10_0"	"E14_C10"	"E14"	"E14_Plate1"	3608	16008	12.3858621633289	41.0227168802722	6	"Early RPCs"
"q12_0"	"E14_C12"	"E14"	"E14_Plate1"	1752	8227.99999999998	21.8592302630179	30.5465403513261	26	"Early RPCs"
"q13_0"	"E14_C13"	"E14"	"E14_Plate1"	4330	18940	23.9437001622565	36.2528769678609	26	"Early RPCs"
"q16_0"	"E14_C16"	"E14"	"E14_Plate1"	3408	15187.9999999999	22.9253011209815	31.272315550418	26	"Early RPCs"
"q17_0"	"E14_C17"	"E14"	"E14_Plate1"	3753	16648	23.5773667721218	31.3799738504035	26	"Early RPCs"
"q19_0"	"E14_C19"	"E14"	"E14_Plate1"	3390	15040	23.1830564271898	29.7697574815514	26	"Early RPCs"
"q20_0"	"E14_C20"	"E14"	"E14_Plate1"	2409	10992	13.1793536506079	10.5491292085784	38	"Neurogenic Cells"
"q22_0"	"E14_C22"	"E14"	"E14_Plate1"	3399	15352	13.5718835486437	40.0289142283163	6	"Early RPCs"
"q23_0"	"E14_C23"	"E14"	"E14_Plate1"	916	4916	24.7983726526175	14.5122841398115	36	"Early RPCs"
"q24_0"	"E14_C24"	"E14"	"E14_Plate1"	1865	8792.00000000001	9.86933440182996	32.3414461435343	33	"Early RPCs"
"q25_0"	"E14_C25"	"E14"	"E14_Plate1"	3210	14608	24.0876975338516	30.9219539294305	26	"Early RPCs"
"q26_0"	"E14_C26"	"E14"	"E14_Plate1"	3709	16608	25.297511123958	36.3747637708002	26	"Early RPCs"
"q27_0"	"E14_C27"	"E14"	"E14_Plate1"	3633	16051.9999999999	13.0549120160149	11.0638633515034	38	"Neurogenic Cells"
"q28_0"	"E14_C28"	"E14"	"E14_Plate1"	3100	13564	13.4538205713189	3.64245081630248	8	"Neurogenic Cells"
"q29_0"	"E14_C29"	"E14"	"E14_Plate1"	3924	17452	19.4180399241592	33.2527243778352	40	"Early RPCs"
"q30_0"	"E14_C30"	"E14"	"E14_Plate1"	3809	16772	23.4067546876682	32.925355077989	26	"Early RPCs"
"q31_0"	"E14_C31"	"E14"	"E14_Plate1"	3746	16308	22.7810706289287	31.6237547114292	26	"Early RPCs"
"q34_0"	"E14_C34"	"E14"	"E14_Plate1"	3277	14587.9999999999	12.0803372524683	8.40728104348607	38	"Neurogenic Cells"
"q35_0"	"E14_C35"	"E14"	"E14_Plate1"	2271	10656	12.4642919793142	26.8642987601349	9	"Early RPCs"
"q36_0"	"E14_C36"	"E14"	"E14_Plate1"	1586	7548	20.3455807279208	19.2250537506753	36	"Early RPCs"
"q38_0"	"E14_C38"	"E14"	"E14_Plate1"	4283	18600	25.8879453504916	37.1603481321207	26	"Early RPCs"
"q39_0"	"E14_C39"	"E14"	"E14_Plate1"	5672	23908.0000000001	15.6987384963712	38.3386598789555	6	"Early RPCs"
"q42_0"	"E14_C42"	"E14"	"E14_Plate1"	3162	13884	20.5290162967436	-1.7368504772398	14	"Retinal Ganglion Cells"
"q43_0"	"E14_C43"	"E14"	"E14_Plate1"	3350	14900	23.4774518050967	33.3604539845475	26	"Early RPCs"
"q46_0"	"E14_C46"	"E14"	"E14_Plate1"	3396	14872	42.2566482159909	-1.1532762682108	11	"Amacrine Cells"
"q47_0"	"E14_C47"	"E14"	"E14_Plate1"	2934	13548	23.0845743583342	-1.76097235108456	14	"Retinal Ganglion Cells"
"q48_0"	"E14_C48"	"E14"	"E14_Plate1"	2757	13144	13.2065632822171	3.74528975784174	8	"Neurogenic Cells"
"q49_0"	"E14_C49"	"E14"	"E14_Plate1"	4123	18508.0000000001	23.93044757033	-1.68552295606877	14	"Retinal Ganglion Cells"
"q50_0"	"E14_C50"	"E14"	"E14_Plate1"	3684	16351.9999999999	25.1583142044516	35.4723870170458	26	"Early RPCs"
"q51_0"	"E14_C51"	"E14"	"E14_Plate1"	4126	18016	22.6046113058358	34.3209486362766	26	"Early RPCs"
"q53_0"	"E14_C53"	"E14"	"E14_Plate1"	3975	17688	16.8477957833386	36.2702193347738	40	"Early RPCs"
"q54_0"	"E14_C54"	"E14"	"E14_Plate1"	4773	20780	12.7008008091696	41.872500751836	6	"Early RPCs"
"q55_0"	"E14_C55"	"E14"	"E14_Plate1"	3984	17780	24.1145428127348	-1.6629412478345	14	"Retinal Ganglion Cells"
"q56_0"	"E14_C56"	"E14"	"E14_Plate1"	4368	19428	25.4627462315128	37.1411102608357	26	"Early RPCs"
"q57_0"	"E14_C57"	"E14"	"E14_Plate1"	3354	15132	20.0933484680694	-1.09142706708217	14	"Retinal Ganglion Cells"
"q61_0"	"E14_C61"	"E14"	"E14_Plate1"	3604	16040	11.670602809713	11.1581832210333	38	"Neurogenic Cells"
"q62_0"	"E14_C62"	"E14"	"E14_Plate1"	4419	19268.0000000001	24.1637497374442	38.6241706609506	26	"Early RPCs"
"q63_0"	"E14_C63"	"E14"	"E14_Plate1"	5011	21768	13.1294428218611	41.6636743264826	6	"Early RPCs"
"q64_0"	"E14_C64"	"E14"	"E14_Plate1"	3644	15888.0000000001	20.3079904984745	33.5669374076729	40	"Early RPCs"
"q65_0"	"E14_C65"	"E14"	"E14_Plate1"	4034	17900	12.9361365844394	12.4101393638211	38	"Neurogenic Cells"
"q66_0"	"E14_C66"	"E14"	"E14_Plate1"	3034	13256	43.7199783425564	1.8178184776043	37	"Amacrine Cells"
"q67_0"	"E14_C67"	"E14"	"E14_Plate1"	3219	14232	13.5020854298839	11.7636510326411	38	"Neurogenic Cells"
"q68_0"	"E14_C68"	"E14"	"E14_Plate1"	3726	15948	25.4440719494759	34.3660338211357	26	"Early RPCs"
"q69_0"	"E14_C69"	"E14"	"E14_Plate1"	3635	16091.9999999999	24.2775706307757	34.1989782040871	26	"Early RPCs"
"q70_0"	"E14_C70"	"E14"	"E14_Plate1"	3081	13776	43.6119339830934	1.73928785025752	37	"Amacrine Cells"
"q72_0"	"E14_C72"	"E14"	"E14_Plate1"	2788	12976	18.5571839580727	35.9348225451305	40	"Early RPCs"
"q73_0"	"E14_C73"	"E14"	"E14_Plate1"	3932	17023.9999999999	22.2017359029662	34.25642259478	26	"Early RPCs"
"q74_0"	"E14_C74"	"E14"	"E14_Plate1"	4098	17687.9999999999	11.7527983015202	10.057509946301	38	"Neurogenic Cells"
"q75_0"	"E14_C75"	"E14"	"E14_Plate1"	3888	16736	41.9611683739163	-1.76212921700291	11	"Amacrine Cells"
"q76_0"	"E14_C76"	"E14"	"E14_Plate1"	3149	13872	21.2962837555912	33.2831158586438	40	"Early RPCs"
"q77_0"	"E14_C77"	"E14"	"E14_Plate1"	4542	19784	12.9426313766962	40.9557710853652	6	"Early RPCs"
"q79_0"	"E14_C79"	"E14"	"E14_Plate1"	3634	15512	25.2125653806856	36.0733289182696	26	"Early RPCs"
"q80_0"	"E14_C80"	"E14"	"E14_Plate1"	4243	18180	18.4051777487041	32.0186168032892	40	"Early RPCs"
"q81_0"	"E14_C81"	"E14"	"E14_Plate1"	5589	24452.0000000001	24.8807335686422	38.0553630797475	26	"Early RPCs"
"q82_0"	"E14_C82"	"E14"	"E14_Plate1"	4579	19640	11.9171328864567	42.5748469545093	6	"Early RPCs"
"q83_0"	"E14_C83"	"E14"	"E14_Plate1"	2206	9796	12.5922890665421	3.6049135476534	8	"Neurogenic Cells"
"q85_0"	"E14_C85"	"E14"	"E14_Plate1"	4469	19796	11.9743695604443	42.1908730059442	6	"Early RPCs"
"q88_0"	"E14_C88"	"E14"	"E14_Plate1"	3386	15160	12.81924071512	38.7977547048724	6	"Early RPCs"
"q89_0"	"E14_C89"	"E14"	"E14_Plate1"	4058	17960.0000000001	12.0880764122824	41.6201932155301	6	"Early RPCs"
"q90_0"	"E14_C90"	"E14"	"E14_Plate1"	3644	15980	18.4203234789343	34.3565664900856	40	"Early RPCs"
"q91_0"	"E14_C91"	"E14"	"E14_Plate1"	2153	10040	12.5635643556654	3.6394213085173	8	"Neurogenic Cells"
"q92_0"	"E14_C92"	"E14"	"E14_Plate1"	2798	12600	25.1819257445136	33.1243058953263	26	"Early RPCs"
"q93_0"	"E14_C93"	"E14"	"E14_Plate1"	3262	14668	16.9026492551068	32.6064005711441	40	"Early RPCs"
"q94_0"	"E14_C94"	"E14"	"E14_Plate1"	3169	14200	17.5606512862128	33.2588046433914	40	"Early RPCs"
"q95_0"	"E14_C95"	"E14"	"E14_Plate1"	1518	7408.00000000001	21.1978469745588	19.8261273167655	36	"Early RPCs"
"q99_0"	"E14_C99"	"E14"	"E14_Plate2"	3405	15696	18.5351304071998	9.82453363245573	1	"Early RPCs"
"q100_0"	"E14_C100"	"E14"	"E14_Plate2"	2563	12128	20.7464786169637	9.97158823832702	1	"Early RPCs"
"q101_0"	"E14_C101"	"E14"	"E14_Plate2"	3526	15892	26.6730081996155	22.3066548852812	31	"Early RPCs"
"q104_0"	"E14_C104"	"E14"	"E14_Plate2"	3231	14432	7.39291351103481	6.74558015800359	38	"Neurogenic Cells"
"q105_0"	"E14_C105"	"E14"	"E14_Plate2"	3407	15076	12.8222522446592	29.2649939234606	33	"Early RPCs"
"q106_0"	"E14_C106"	"E14"	"E14_Plate2"	2672	12156	21.4298488913181	14.0850260006044	1	"Early RPCs"
"q108_0"	"E14_C108"	"E14"	"E14_Plate2"	2768	13376	22.7929557429965	15.0926765706392	36	"Early RPCs"
"q109_0"	"E14_C109"	"E14"	"E14_Plate2"	3637	16520	14.654714930737	25.6452471968257	9	"Early RPCs"
"q112_0"	"E14_C112"	"E14"	"E14_Plate2"	3711	16720	22.7861879401001	25.219032797977	2	"Early RPCs"
"q113_0"	"E14_C113"	"E14"	"E14_Plate2"	3172	14556	10.3328501547459	30.0018745739518	33	"Early RPCs"
"q116_0"	"E14_C116"	"E14"	"E14_Plate2"	3682	16332	11.5798208315302	25.4958347130269	9	"Early RPCs"
"q117_0"	"E14_C117"	"E14"	"E14_Plate2"	3185	14140	27.7499556334087	-14.895852244288	39	"Photoreceptor Precursors"
"q118_0"	"E14_C118"	"E14"	"E14_Plate2"	2611	12092	12.1066017162849	7.2290163573571	38	"Neurogenic Cells"
"q120_0"	"E14_C120"	"E14"	"E14_Plate2"	3486	15936	17.4781244907407	25.9351091262502	2	"Early RPCs"
"q122_0"	"E14_C122"	"E14"	"E14_Plate2"	4211	19272	14.4407715523837	30.738691165906	33	"Early RPCs"
"q123_0"	"E14_C123"	"E14"	"E14_Plate2"	4638	21456	11.3124160620164	36.8933585137659	6	"Early RPCs"
"q127_0"	"E14_C127"	"E14"	"E14_Plate2"	3952	17192	11.4279826514922	31.0669833996187	33	"Early RPCs"
"q130_0"	"E14_C130"	"E14"	"E14_Plate2"	4021	18160	12.1471430690942	8.45758087877326	38	"Neurogenic Cells"
"q132_0"	"E14_C132"	"E14"	"E14_Plate2"	4842	21763.9999999999	14.8147572766999	37.7048430355788	6	"Early RPCs"
"q133_0"	"E14_C133"	"E14"	"E14_Plate2"	2731	12623.9999999999	26.980639567705	20.9812894530033	31	"Early RPCs"
"q134_0"	"E14_C134"	"E14"	"E14_Plate2"	2993	13832	22.8699991967867	25.3768839394698	2	"Early RPCs"
"q136_0"	"E14_C136"	"E14"	"E14_Plate2"	3429	15948	7.12638393682832	8.50629914329634	38	"Neurogenic Cells"
"q137_0"	"E14_C137"	"E14"	"E14_Plate2"	2755	12704	14.9271595722131	-14.1254570882878	5	"Photoreceptor Precursors"
"q141_0"	"E14_C141"	"E14"	"E14_Plate2"	3642	16604	22.86137406651	-1.78155319320716	14	"Retinal Ganglion Cells"
"q144_0"	"E14_C144"	"E14"	"E14_Plate2"	3431	15876	23.8422914465881	11.7259449020587	1	"Early RPCs"
"q155_0"	"E14_C155"	"E14"	"E14_Plate2"	4107	18524	14.8474222121894	28.7562955449417	33	"Early RPCs"
"q156_0"	"E14_C156"	"E14"	"E14_Plate2"	4499	20284	12.5531336567225	36.9337033540671	6	"Early RPCs"
"q159_0"	"E14_C159"	"E14"	"E14_Plate2"	4221	19072.0000000001	12.1259470927763	37.3552392546755	6	"Early RPCs"
"q160_0"	"E14_C160"	"E14"	"E14_Plate2"	2835	12940	43.4578223930853	1.10541847225151	37	"Amacrine Cells"
"q162_0"	"E14_C162"	"E14"	"E14_Plate2"	3105	14248	25.8996626618674	18.1069475484316	36	"Early RPCs"
"q164_0"	"E14_C164"	"E14"	"E14_Plate2"	3831	17260	26.5348653839019	19.7988925341652	31	"Early RPCs"
"q165_0"	"E14_C165"	"E14"	"E14_Plate2"	3153	14312	20.7467225770004	-2.09180009913725	14	"Retinal Ganglion Cells"
"q167_0"	"E14_C167"	"E14"	"E14_Plate2"	4349	19447.9999999999	11.4282590120359	28.3389523796326	33	"Early RPCs"
"q168_0"	"E14_C168"	"E14"	"E14_Plate2"	2501	11864	20.9301740406799	9.64534735717338	1	"Early RPCs"
"q169_0"	"E14_C169"	"E14"	"E14_Plate2"	3251	14620	18.1938910793925	26.1155864596893	2	"Early RPCs"
"q170_0"	"E14_C170"	"E14"	"E14_Plate2"	1577	9056	28.5516711091492	12.6979683190099	1	"Early RPCs"
"q171_0"	"E14_C171"	"E14"	"E14_Plate2"	3127	14388	24.7410694729127	19.5883322324742	31	"Early RPCs"
"q172_0"	"E14_C172"	"E14"	"E14_Plate2"	3440	15780	11.3386492021222	22.9103786768288	9	"Early RPCs"
"q174_0"	"E14_C174"	"E14"	"E14_Plate2"	3296	15064	21.55890500954	14.7210244745603	36	"Early RPCs"
"q177_0"	"E14_C177"	"E14"	"E14_Plate2"	4021	18007.9999999999	14.1529992617148	27.5934605361651	9	"Early RPCs"
"q178_0"	"E14_C178"	"E14"	"E14_Plate2"	4185	18568.0000000001	12.269564436482	37.3807059110933	6	"Early RPCs"
"q179_0"	"E14_C179"	"E14"	"E14_Plate2"	2573	11832	25.3667857662467	16.6956120561383	36	"Early RPCs"
"q180_0"	"E14_C180"	"E14"	"E14_Plate2"	3007	13712	40.0044402095255	0.846730459967094	11	"Amacrine Cells"
"q183_0"	"E14_C183"	"E14"	"E14_Plate2"	3112	14088	10.4653963902857	22.5677967382423	9	"Early RPCs"
"q184_0"	"E14_C184"	"E14"	"E14_Plate2"	2818	13056	11.4543169026397	25.6072757831742	9	"Early RPCs"
"q185_0"	"E14_C185"	"E14"	"E14_Plate2"	2459	11416	26.326375437512	18.0123865067618	36	"Early RPCs"
"q186_0"	"E14_C186"	"E14"	"E14_Plate2"	2330	10756	20.8721075188183	15.2138339363908	36	"Early RPCs"
"q188_0"	"E14_C188"	"E14"	"E14_Plate2"	3509	15812	11.1786691430294	30.6982116263753	33	"Early RPCs"
"q189_0"	"E14_C189"	"E14"	"E14_Plate2"	907	4484	27.579100583847	12.6760942314147	1	"Early RPCs"
"q190_0"	"E14_C190"	"E14"	"E14_Plate2"	958	4664.00000000001	27.6980820916154	12.1930027811001	1	"Early RPCs"
"q191_0"	"E14_C191"	"E14"	"E14_Plate2"	2740	12672	12.9789508646595	25.5962236622066	9	"Early RPCs"
"q192_0"	"E14_C192"	"E14"	"E14_Plate2"	1665	8160	13.8142019244742	20.5078718176995	9	"Early RPCs"
"q194_0"	"E14_C194"	"E14"	"E14_Plate3"	2340	15120	9.46849212884481	22.0419848357809	9	"Early RPCs"
"q195_0"	"E14_C195"	"E14"	"E14_Plate3"	2828	12992	25.6722212851363	17.4696327669908	36	"Early RPCs"
"q197_0"	"E14_C197"	"E14"	"E14_Plate3"	3327	14736	14.0206381091647	23.265780041737	9	"Early RPCs"
"q198_0"	"E14_C198"	"E14"	"E14_Plate3"	5476	23504.0000000001	16.6523344049886	38.3986466451325	6	"Early RPCs"
"q199_0"	"E14_C199"	"E14"	"E14_Plate3"	2688	13200	22.0715236108652	23.7573097688945	2	"Early RPCs"
"q200_0"	"E14_C200"	"E14"	"E14_Plate3"	3304	14888	27.2811688150322	19.6150935310205	31	"Early RPCs"
"q201_0"	"E14_C201"	"E14"	"E14_Plate3"	1804	8119.99999999998	27.3867741911604	11.2790349640013	1	"Early RPCs"
"q202_0"	"E14_C202"	"E14"	"E14_Plate3"	4082	18792.0000000001	11.7389534473419	30.4493783820512	33	"Early RPCs"
"q203_0"	"E14_C203"	"E14"	"E14_Plate3"	3366	15812	26.3315661214699	20.6227882017772	31	"Early RPCs"
"q204_0"	"E14_C204"	"E14"	"E14_Plate3"	2517	12004	24.8316621498012	19.6878301779991	31	"Early RPCs"
"q206_0"	"E14_C206"	"E14"	"E14_Plate3"	2664	16324	23.5517817559629	15.0176158546148	36	"Early RPCs"
"q207_0"	"E14_C207"	"E14"	"E14_Plate3"	2706	12620	23.9936590308126	14.9162768313179	36	"Early RPCs"
"q209_0"	"E14_C209"	"E14"	"E14_Plate3"	2734	12260	11.9856254134405	6.35368021230773	38	"Neurogenic Cells"
"q211_0"	"E14_C211"	"E14"	"E14_Plate3"	2398	11312	17.1476254126409	-13.5690546181393	5	"Photoreceptor Precursors"
"q212_0"	"E14_C212"	"E14"	"E14_Plate3"	4559	20164	22.472605500802	35.2587863896176	26	"Early RPCs"
"q213_0"	"E14_C213"	"E14"	"E14_Plate3"	3548	15396	25.0555533188174	23.5352612850399	31	"Early RPCs"
"q215_0"	"E14_C215"	"E14"	"E14_Plate3"	3488	16252	17.624893631473	25.8708434546755	2	"Early RPCs"
"q218_0"	"E14_C218"	"E14"	"E14_Plate3"	2256	15652	13.4667884897401	21.0866681158106	9	"Early RPCs"
"q219_0"	"E14_C219"	"E14"	"E14_Plate3"	3400	15392	13.2381168427656	23.9621071043389	9	"Early RPCs"
"q220_0"	"E14_C220"	"E14"	"E14_Plate3"	3605	16692	-14.6919554155082	20.7682555467848	24	"Intermediate RPCs"
"q222_0"	"E14_C222"	"E14"	"E14_Plate3"	1914	8959.99999999999	21.5073228976422	19.3018044681283	36	"Early RPCs"
"q223_0"	"E14_C223"	"E14"	"E14_Plate3"	4041	18275.9999999999	11.3620888047776	30.1519153028778	33	"Early RPCs"
"q227_0"	"E14_C227"	"E14"	"E14_Plate3"	1962	9336	14.8433475938336	-14.0798082414867	5	"Photoreceptor Precursors"
"q229_0"	"E14_C229"	"E14"	"E14_Plate3"	3379	15432	23.0038881659515	17.7743437708729	36	"Early RPCs"
"q230_0"	"E14_C230"	"E14"	"E14_Plate3"	3538	15988	13.7821992320051	23.5681351462266	9	"Early RPCs"
"q232_0"	"E14_C232"	"E14"	"E14_Plate3"	2828	13388	23.5335829979651	12.807008378062	1	"Early RPCs"
"q233_0"	"E14_C233"	"E14"	"E14_Plate3"	3552	15980	25.3478461109545	21.74697535006	31	"Early RPCs"
"q234_0"	"E14_C234"	"E14"	"E14_Plate3"	2945	13484	26.1876023737535	16.2483805883619	36	"Early RPCs"
"q236_0"	"E14_C236"	"E14"	"E14_Plate3"	2722	12324	27.7461244283454	-14.9912243979069	39	"Photoreceptor Precursors"
"q237_0"	"E14_C237"	"E14"	"E14_Plate3"	4135	18328.0000000001	25.5534791084939	23.3452290027646	31	"Early RPCs"
"q238_0"	"E14_C238"	"E14"	"E14_Plate3"	3370	14832	7.97838221467856	7.34073331140409	38	"Neurogenic Cells"
"q239_0"	"E14_C239"	"E14"	"E14_Plate3"	3951	17800	14.9669709541712	27.1454454966901	9	"Early RPCs"
"q240_0"	"E14_C240"	"E14"	"E14_Plate3"	2322	10840	27.1343755545611	13.263362311378	1	"Early RPCs"
"q241_0"	"E14_C241"	"E14"	"E14_Plate3"	3312	15236	11.920449461295	24.8268095867627	9	"Early RPCs"
"q242_0"	"E14_C242"	"E14"	"E14_Plate3"	4972	24848	13.1306014757075	37.6892619807497	6	"Early RPCs"
"q243_0"	"E14_C243"	"E14"	"E14_Plate3"	3062	14348	24.199249870481	18.6376185917412	36	"Early RPCs"
"q245_0"	"E14_C245"	"E14"	"E14_Plate3"	3697	16864	21.3987555813087	23.6444031634592	2	"Early RPCs"
"q247_0"	"E14_C247"	"E14"	"E14_Plate3"	3485	15888	16.8536865283662	23.4036126846617	2	"Early RPCs"
"q248_0"	"E14_C248"	"E14"	"E14_Plate3"	3339	15072	21.8316028324893	18.9406941597231	36	"Early RPCs"
"q252_0"	"E14_C252"	"E14"	"E14_Plate3"	3747	16908	13.9939184186453	26.8813535323306	9	"Early RPCs"
"q253_0"	"E14_C253"	"E14"	"E14_Plate3"	3666	16556	13.4047051133367	24.5616552473664	9	"Early RPCs"
"q254_0"	"E14_C254"	"E14"	"E14_Plate3"	3058	16832.0000000001	22.272883776864	12.0185541366507	1	"Early RPCs"
"q255_0"	"E14_C255"	"E14"	"E14_Plate3"	3009	13684	20.8659792497246	10.0588461788371	1	"Early RPCs"
"q256_0"	"E14_C256"	"E14"	"E14_Plate3"	3443	15740	11.5357975180993	22.9781632610509	9	"Early RPCs"
"q258_0"	"E14_C258"	"E14"	"E14_Plate3"	3953	17360	19.7079352060997	26.2861315582483	2	"Early RPCs"
"q259_0"	"E14_C259"	"E14"	"E14_Plate3"	2631	11936	26.5921621132896	16.3634960700001	36	"Early RPCs"
"q260_0"	"E14_C260"	"E14"	"E14_Plate3"	3609	15776	25.4873512157495	22.3799253830613	31	"Early RPCs"
"q261_0"	"E14_C261"	"E14"	"E14_Plate3"	3808	16644	16.1833240702472	23.8942451805472	9	"Early RPCs"
"q262_0"	"E14_C262"	"E14"	"E14_Plate3"	3229	14608	12.5050180150876	32.2079771363541	33	"Early RPCs"
"q263_0"	"E14_C263"	"E14"	"E14_Plate3"	3755	17296	26.0565478681343	21.3707278918924	31	"Early RPCs"
"q264_0"	"E14_C264"	"E14"	"E14_Plate3"	4482	19796	12.2267460223354	31.7154479591774	33	"Early RPCs"
"q265_0"	"E14_C265"	"E14"	"E14_Plate3"	3090	14036.0000000001	9.7238331209516	32.078984262777	33	"Early RPCs"
"q266_0"	"E14_C266"	"E14"	"E14_Plate3"	3370	15292	7.74619229900484	6.87017678842803	38	"Neurogenic Cells"
"q269_0"	"E14_C269"	"E14"	"E14_Plate3"	2938	12836	19.5965324476938	9.8594624483731	1	"Early RPCs"
"q270_0"	"E14_C270"	"E14"	"E14_Plate3"	4544	19900	12.7966690456091	38.3289449416218	6	"Early RPCs"
"q272_0"	"E14_C272"	"E14"	"E14_Plate3"	3459	15828	22.0589896310174	23.8363711065105	2	"Early RPCs"
"q273_0"	"E14_C273"	"E14"	"E14_Plate3"	3114	13532	24.6165765558154	17.2263513769648	36	"Early RPCs"
"q274_0"	"E14_C274"	"E14"	"E14_Plate3"	3574	16340	20.9500949627377	23.7995592385145	2	"Early RPCs"
"q275_0"	"E14_C275"	"E14"	"E14_Plate3"	3272	14768	9.82855617468165	30.220837534005	33	"Early RPCs"
"q277_0"	"E14_C277"	"E14"	"E14_Plate3"	3040	14040	23.4868639908688	12.727904826563	1	"Early RPCs"
"q278_0"	"E14_C278"	"E14"	"E14_Plate3"	1181	4724	18.7333172270826	8.74498108370673	1	"Early RPCs"
"q279_0"	"E14_C279"	"E14"	"E14_Plate3"	2155	9671.99999999999	18.2961306423581	9.46220030057415	1	"Early RPCs"
"q280_0"	"E14_C280"	"E14"	"E14_Plate3"	3199	14540	22.0291067456265	19.5066188465216	36	"Early RPCs"
"q281_0"	"E14_C281"	"E14"	"E14_Plate3"	4603	20172	11.6346397442125	37.295014953258	6	"Early RPCs"
"q282_0"	"E14_C282"	"E14"	"E14_Plate3"	3236	14508	20.2263207659515	23.9862458094584	2	"Early RPCs"
"q283_0"	"E14_C283"	"E14"	"E14_Plate3"	2898	13148	23.911155176137	14.0388097286682	1	"Early RPCs"
"q284_0"	"E14_C284"	"E14"	"E14_Plate3"	3502	15896	11.900719098621	26.3857491177451	9	"Early RPCs"
"q285_0"	"E14_C285"	"E14"	"E14_Plate3"	3780	16664.0000000001	10.8606241685305	31.4851915076811	33	"Early RPCs"
"q288_0"	"E14_C288"	"E14"	"E14_Plate3"	3712	17208	13.3515673111666	25.8728197811481	9	"Early RPCs"
"q289_0"	"E18_C01"	"E18"	"E18_Plate1"	3294	14484	5.46027644183344	4.9223196512353	15	"Neurogenic Cells"
"q290_0"	"E18_C02"	"E18"	"E18_Plate1"	3115	13608	-16.008703671499	-2.55469629086996	19	"Intermediate RPCs"
"q291_0"	"E18_C03"	"E18"	"E18_Plate1"	3606	15752	-22.4280621609467	-3.23545215475066	23	"Intermediate RPCs"
"q292_0"	"E18_C04"	"E18"	"E18_Plate1"	4542	19547.9999999999	-24.9027070125692	24.7283645451207	24	"Intermediate RPCs"
"q293_0"	"E18_C05"	"E18"	"E18_Plate1"	4137	17672	-27.8474608374513	9.31617421458106	27	"Intermediate RPCs"
"q294_0"	"E18_C06"	"E18"	"E18_Plate1"	3472	14748	-9.79554185629436	1.37890658294728	4	"Intermediate RPCs"
"q295_0"	"E18_C07"	"E18"	"E18_Plate1"	3972	16976	-25.4481396499682	23.1146201710543	24	"Intermediate RPCs"
"q296_0"	"E18_C08"	"E18"	"E18_Plate1"	3385	14636	5.30145421316205	1.19723111662896	15	"Neurogenic Cells"
"q297_0"	"E18_C09"	"E18"	"E18_Plate1"	4325	18572	-23.657738690198	21.576824529932	24	"Intermediate RPCs"
"q298_0"	"E18_C10"	"E18"	"E18_Plate1"	4113	17368	-19.9972821925467	22.7027880317864	24	"Intermediate RPCs"
"q299_0"	"E18_C11"	"E18"	"E18_Plate1"	3494	15212	5.33067404493284	1.27019094912006	15	"Neurogenic Cells"
"q300_0"	"E18_C12"	"E18"	"E18_Plate1"	3798	16368	-27.8815685794121	11.5206921432513	27	"Intermediate RPCs"
"q301_0"	"E18_C13"	"E18"	"E18_Plate1"	3502	15576	-28.999786859641	5.17669206189496	29	"Intermediate RPCs"
"q302_0"	"E18_C14"	"E18"	"E18_Plate1"	3497	15496	-24.2515732862539	7.1651732375529	29	"Intermediate RPCs"
"q303_0"	"E18_C15"	"E18"	"E18_Plate1"	3708	16140.0000000001	-26.5446786000599	6.20497421369293	29	"Intermediate RPCs"
"q304_0"	"E18_C16"	"E18"	"E18_Plate1"	3665	16000	-19.6476923191463	11.9918792070847	18	"Intermediate RPCs"
"q305_0"	"E18_C17"	"E18"	"E18_Plate1"	4420	18996	-19.6339420073787	27.8717635743848	22	"Intermediate RPCs"
"q306_0"	"E18_C18"	"E18"	"E18_Plate1"	4190	18024	-15.2775071377019	30.3450236871476	22	"Intermediate RPCs"
"q307_0"	"E18_C19"	"E18"	"E18_Plate1"	4666	19492	-23.4123346267737	21.0134588718901	24	"Intermediate RPCs"
"q308_0"	"E18_C20"	"E18"	"E18_Plate1"	4199	17784	-31.9419567931946	5.62237958310975	16	"Intermediate RPCs"
"q309_0"	"E18_C21"	"E18"	"E18_Plate1"	2835	12132	42.366006207971	1.58093847552645	37	"Amacrine Cells"
"q310_0"	"E18_C22"	"E18"	"E18_Plate1"	2768	11079.9999999999	40.1311889479928	0.86891273167426	11	"Amacrine Cells"
"q311_0"	"E18_C23"	"E18"	"E18_Plate1"	3701	15788	-29.5076854128827	9.90779523565826	27	"Intermediate RPCs"
"q312_0"	"E18_C24"	"E18"	"E18_Plate1"	3014	13360	-8.12998943449911	2.64147656054085	4	"Intermediate RPCs"
"q313_0"	"E18_C25"	"E18"	"E18_Plate1"	3681	16604	-26.8311787012068	-3.40927824629707	23	"Intermediate RPCs"
"q314_0"	"E18_C26"	"E18"	"E18_Plate1"	4474	19172.0000000001	-13.5933379868426	33.3055818630306	22	"Intermediate RPCs"
"q315_0"	"E18_C27"	"E18"	"E18_Plate1"	2926	12540	-8.70135914753635	0.556243588614442	4	"Intermediate RPCs"
"q316_0"	"E18_C28"	"E18"	"E18_Plate1"	4217	18108	36.1648774464474	-15.2139148592655	10	"Photoreceptor Precursors"
"q317_0"	"E18_C29"	"E18"	"E18_Plate1"	3432	14832	44.285079800475	-0.0991809731046427	37	"Amacrine Cells"
"q318_0"	"E18_C30"	"E18"	"E18_Plate1"	4338	18532	-26.1109333534131	23.8781749131333	24	"Intermediate RPCs"
"q319_0"	"E18_C31"	"E18"	"E18_Plate1"	3615	15383.9999999999	-23.0818096306319	21.5423467383933	24	"Intermediate RPCs"
"q320_0"	"E18_C32"	"E18"	"E18_Plate1"	4021	16920	35.7882923098898	-12.3929654564549	10	"Photoreceptor Precursors"
"q321_0"	"E18_C33"	"E18"	"E18_Plate1"	3371	14412	-26.8154963327667	-3.16840654876213	23	"Intermediate RPCs"
"q322_0"	"E18_C34"	"E18"	"E18_Plate1"	3623	15852	-25.1049074314783	3.58191482759115	29	"Intermediate RPCs"
"q323_0"	"E18_C35"	"E18"	"E18_Plate1"	4173	18227.9999999999	-33.3255597238783	4.2541373063729	34	"Intermediate RPCs"
"q324_0"	"E18_C36"	"E18"	"E18_Plate1"	4322	18400	-29.9053734647187	7.93522399969688	29	"Intermediate RPCs"
"q325_0"	"E18_C37"	"E18"	"E18_Plate1"	3294	14728	-33.327830831868	-1.23634600792721	17	"Intermediate RPCs"
"q326_0"	"E18_C38"	"E18"	"E18_Plate1"	2104	9368	35.0536426637749	-10.543267908795	10	"Photoreceptor Precursors"
"q327_0"	"E18_C39"	"E18"	"E18_Plate1"	3490	15356	-18.0507281993389	16.8331763974148	24	"Intermediate RPCs"
"q328_0"	"E18_C40"	"E18"	"E18_Plate1"	2991	13264	-10.782617511617	-2.62463596773447	4	"Intermediate RPCs"
"q329_0"	"E18_C41"	"E18"	"E18_Plate1"	3741	16448	-35.5398387622058	1.21413575333789	34	"Intermediate RPCs"
"q330_0"	"E18_C42"	"E18"	"E18_Plate1"	4160	17784.0000000001	-17.2335271885141	21.347827459312	24	"Intermediate RPCs"
"q331_0"	"E18_C43"	"E18"	"E18_Plate1"	3997	17576	-13.8652356879124	31.3952498362065	22	"Intermediate RPCs"
"q332_0"	"E18_C44"	"E18"	"E18_Plate1"	3395	14660	-9.12790148783328	2.60866343709934	4	"Intermediate RPCs"
"q333_0"	"E18_C45"	"E18"	"E18_Plate1"	3835	16800	-14.9808904701604	14.4948818119042	18	"Intermediate RPCs"
"q334_0"	"E18_C46"	"E18"	"E18_Plate1"	3484	15220	-18.6891092117688	1.77496857730295	3	"Intermediate RPCs"
"q335_0"	"E18_C47"	"E18"	"E18_Plate1"	3074	13631.9999999999	-19.3990025535413	-5.55211270824147	19	"Intermediate RPCs"
"q336_0"	"E18_C48"	"E18"	"E18_Plate1"	3086	13760	41.8473473251075	0.775288459388238	11	"Amacrine Cells"
"q337_0"	"E18_C49"	"E18"	"E18_Plate1"	3931	17128	-23.5628510896029	26.3693790625214	24	"Intermediate RPCs"
"q338_0"	"E18_C50"	"E18"	"E18_Plate1"	3665	15964	-32.2671831145522	0.165845066793715	17	"Intermediate RPCs"
"q339_0"	"E18_C51"	"E18"	"E18_Plate1"	4373	18840.0000000001	-24.3756479060616	24.7877512948107	24	"Intermediate RPCs"
"q340_0"	"E18_C52"	"E18"	"E18_Plate1"	2280	9943.99999999998	35.4974110952415	-11.4829208086994	10	"Photoreceptor Precursors"
"q341_0"	"E18_C53"	"E18"	"E18_Plate1"	3047	13500	-20.4534661021632	16.4221921471903	24	"Intermediate RPCs"
"q342_0"	"E18_C54"	"E18"	"E18_Plate1"	3083	13336.0000000001	-30.6610889931686	-0.204607320848976	17	"Intermediate RPCs"
"q343_0"	"E18_C55"	"E18"	"E18_Plate1"	2382	10456	34.7268340842375	-10.4219273987439	10	"Photoreceptor Precursors"
"q344_0"	"E18_C56"	"E18"	"E18_Plate1"	4119	17708	3.58247994516087	4.68449948607035	15	"Neurogenic Cells"
"q345_0"	"E18_C57"	"E18"	"E18_Plate1"	4172	17864	5.72319486968396	8.59620858254245	38	"Neurogenic Cells"
"q346_0"	"E18_C58"	"E18"	"E18_Plate1"	3540	15348	-17.9047124487411	3.36097252510125	3	"Intermediate RPCs"
"q348_0"	"E18_C60"	"E18"	"E18_Plate1"	3931	17192	-33.1184378923637	0.415719312636004	17	"Intermediate RPCs"
"q349_0"	"E18_C61"	"E18"	"E18_Plate1"	4501	19796	-24.0096138835152	25.7373148352193	24	"Intermediate RPCs"
"q350_0"	"E18_C62"	"E18"	"E18_Plate1"	4146	18256	-23.7102894559144	23.2232458103495	24	"Intermediate RPCs"
"q351_0"	"E18_C63"	"E18"	"E18_Plate1"	3830	17128	-24.3386966795138	6.31658455242212	29	"Intermediate RPCs"
"q352_0"	"E18_C64"	"E18"	"E18_Plate1"	3904	17264	-19.3660277207791	24.6310078735005	24	"Intermediate RPCs"
"q353_0"	"E18_C65"	"E18"	"E18_Plate1"	2046	9184.00000000003	37.8072065136237	-12.2460296378651	10	"Photoreceptor Precursors"
"q354_0"	"E18_C66"	"E18"	"E18_Plate1"	3346	14596	11.8976997287516	2.43520026827538	8	"Neurogenic Cells"
"q355_0"	"E18_C67"	"E18"	"E18_Plate1"	3142	13736	-15.3706454941006	-1.29326022580825	19	"Intermediate RPCs"
"q356_0"	"E18_C68"	"E18"	"E18_Plate1"	3979	17036	-19.8934867077294	2.57772300411738	3	"Intermediate RPCs"
"q357_0"	"E18_C69"	"E18"	"E18_Plate1"	4095	17863.9999999999	-29.9710907605797	4.87001972161249	29	"Intermediate RPCs"
"q358_0"	"E18_C70"	"E18"	"E18_Plate1"	2808	12424	31.0898102954857	-9.90452635660877	10	"Photoreceptor Precursors"
"q359_0"	"E18_C71"	"E18"	"E18_Plate1"	4255	18384	-15.2045134840558	30.6079648774824	22	"Intermediate RPCs"
"q360_0"	"E18_C72"	"E18"	"E18_Plate1"	4644	20100	-12.9887076742164	33.833101456278	22	"Intermediate RPCs"
"q361_0"	"E18_C73"	"E18"	"E18_Plate1"	3886	16408	-17.2370887743609	28.3503493768665	22	"Intermediate RPCs"
"q362_0"	"E18_C74"	"E18"	"E18_Plate1"	3458	14900	-22.7928605006379	1.21921845655236	3	"Intermediate RPCs"
"q363_0"	"E18_C75"	"E18"	"E18_Plate1"	3671	16316	-17.5625061979215	1.67131930835489	3	"Intermediate RPCs"
"q364_0"	"E18_C76"	"E18"	"E18_Plate1"	3195	14036	12.6994933916891	-4.97894443659942	20	"Neurogenic Cells"
"q365_0"	"E18_C77"	"E18"	"E18_Plate1"	5349	22672	36.188898444055	-15.1689178767488	10	"Photoreceptor Precursors"
"q366_0"	"E18_C78"	"E18"	"E18_Plate1"	4602	19456	-12.9463673037629	32.5690218551367	22	"Intermediate RPCs"
"q367_0"	"E18_C79"	"E18"	"E18_Plate1"	5999	25291.9999999999	-12.4886742400145	35.6573315396885	22	"Intermediate RPCs"
"q368_0"	"E18_C80"	"E18"	"E18_Plate1"	3921	16523.9999999999	-28.1935736324284	1.73331966557568	29	"Intermediate RPCs"
"q369_0"	"E18_C81"	"E18"	"E18_Plate1"	3570	15508	-9.42851307264674	0.360996722983371	4	"Intermediate RPCs"
"q370_0"	"E18_C82"	"E18"	"E18_Plate1"	4403	19248	-28.3037444158928	9.01746317678188	27	"Intermediate RPCs"
"q371_0"	"E18_C83"	"E18"	"E18_Plate1"	4376	19168	-17.3298948447031	25.6852382632185	22	"Intermediate RPCs"
"q372_0"	"E18_C84"	"E18"	"E18_Plate1"	3247	14276	13.7920131625432	-3.88539751050354	20	"Neurogenic Cells"
"q373_0"	"E18_C85"	"E18"	"E18_Plate1"	2831	12780	-13.701646210493	8.51311928944779	18	"Intermediate RPCs"
"q374_0"	"E18_C86"	"E18"	"E18_Plate1"	3940	17328	-27.0789287590358	4.68415272989355	29	"Intermediate RPCs"
"q375_0"	"E18_C87"	"E18"	"E18_Plate1"	2236	10256	8.13928341599875	1.44296507900497	15	"Neurogenic Cells"
"q376_0"	"E18_C88"	"E18"	"E18_Plate1"	3187	14200	-18.5945040545988	-5.32650030254194	19	"Intermediate RPCs"
"q377_0"	"E18_C89"	"E18"	"E18_Plate1"	5108	21796.0000000001	-12.9078675296873	33.4920917137548	22	"Intermediate RPCs"
"q378_0"	"E18_C90"	"E18"	"E18_Plate1"	4246	18004	-16.1868089575294	29.3760883284108	22	"Intermediate RPCs"
"q379_0"	"E18_C91"	"E18"	"E18_Plate1"	4591	19720	-29.3869612050711	10.4774222015551	27	"Intermediate RPCs"
"q380_0"	"E18_C92"	"E18"	"E18_Plate1"	3132	13848.0000000001	13.2857487396311	-1.155323492042	20	"Neurogenic Cells"
"q381_0"	"E18_C93"	"E18"	"E18_Plate1"	4787	20679.9999999999	36.3124477779459	-14.5976680529704	10	"Photoreceptor Precursors"
"q382_0"	"E18_C94"	"E18"	"E18_Plate1"	3770	16184	-33.6444672428127	2.04043615246733	34	"Intermediate RPCs"
"q383_0"	"E18_C95"	"E18"	"E18_Plate1"	2949	13220	-20.4270871990514	0.347116725758753	3	"Intermediate RPCs"
"q384_0"	"E18_C96"	"E18"	"E18_Plate1"	4132	18204	-18.4102259027906	19.133834783281	24	"Intermediate RPCs"
"q385_0"	"E18_C97"	"E18"	"E18_Plate2"	3221	14495.9999999999	-33.0529891075157	1.93615214379423	34	"Intermediate RPCs"
"q386_0"	"E18_C98"	"E18"	"E18_Plate2"	2850	12672.0000000001	-14.3574853794013	7.48775025004351	18	"Intermediate RPCs"
"q387_0"	"E18_C99"	"E18"	"E18_Plate2"	2765	12292	-13.897295006558	6.71548288167334	18	"Intermediate RPCs"
"q388_0"	"E18_C100"	"E18"	"E18_Plate2"	2601	11560.0000000001	-23.2039048293175	-2.05884669888812	23	"Intermediate RPCs"
"q389_0"	"E18_C101"	"E18"	"E18_Plate2"	2233	10164	10.3579906869057	1.98338856887444	8	"Neurogenic Cells"
"q390_0"	"E18_C102"	"E18"	"E18_Plate2"	3364	14524	-15.676343980156	25.0521937463601	22	"Intermediate RPCs"
"q391_0"	"E18_C103"	"E18"	"E18_Plate2"	2770	12096.0000000001	12.293588328995	-0.352044311277913	8	"Neurogenic Cells"
"q392_0"	"E18_C104"	"E18"	"E18_Plate2"	4357	18380	-19.9191953963875	27.7670422511954	22	"Intermediate RPCs"
"q393_0"	"E18_C105"	"E18"	"E18_Plate2"	3406	14884	-25.4982153344021	-0.154468821164556	23	"Intermediate RPCs"
"q395_0"	"E18_C107"	"E18"	"E18_Plate2"	2966	13236	-26.0156958336052	3.26705459566945	29	"Intermediate RPCs"
"q396_0"	"E18_C108"	"E18"	"E18_Plate2"	2853	12872	-16.349559790813	-4.64467857575497	19	"Intermediate RPCs"
"q397_0"	"E18_C109"	"E18"	"E18_Plate2"	2759	12252	-11.1594719495439	2.25835890600883	4	"Intermediate RPCs"
"q398_0"	"E18_C110"	"E18"	"E18_Plate2"	3665	15780	-29.9680331992514	5.50140454567058	29	"Intermediate RPCs"
"q399_0"	"E18_C111"	"E18"	"E18_Plate2"	3161	13784	-35.8186170686668	2.49488692975059	34	"Intermediate RPCs"
"q400_0"	"E18_C112"	"E18"	"E18_Plate2"	2806	12528	-8.65275068963884	0.478557007029719	4	"Intermediate RPCs"
"q402_0"	"E18_C114"	"E18"	"E18_Plate2"	2887	12528	-18.4924828294519	1.56997279806947	3	"Intermediate RPCs"
"q403_0"	"E18_C115"	"E18"	"E18_Plate2"	3099	13368	7.10409790911321	0.714565070008252	15	"Neurogenic Cells"
"q404_0"	"E18_C116"	"E18"	"E18_Plate2"	3870	16520	-17.9774636510899	24.691553382718	24	"Intermediate RPCs"
"q405_0"	"E18_C117"	"E18"	"E18_Plate2"	4040	17428	-24.2912516220187	18.4894450612415	24	"Intermediate RPCs"
"q406_0"	"E18_C118"	"E18"	"E18_Plate2"	2745	11984	-14.8667897353209	8.83200483856644	18	"Intermediate RPCs"
"q407_0"	"E18_C119"	"E18"	"E18_Plate2"	3883	16800	-14.7782307220356	12.8854316384764	18	"Intermediate RPCs"
"q408_0"	"E18_C120"	"E18"	"E18_Plate2"	2722	11992	9.05667198891211	2.63766505348203	15	"Neurogenic Cells"
"q409_0"	"E18_C121"	"E18"	"E18_Plate2"	4154	18008	-24.3934328178164	22.9188239951113	24	"Intermediate RPCs"
"q410_0"	"E18_C122"	"E18"	"E18_Plate2"	3717	16108.0000000001	-29.8723467117146	6.69102812578282	29	"Intermediate RPCs"
"q411_0"	"E18_C123"	"E18"	"E18_Plate2"	4096	17576	-27.6437387823528	10.6170346450531	27	"Intermediate RPCs"
"q412_0"	"E18_C124"	"E18"	"E18_Plate2"	2963	12776	-19.5783628858601	-0.639061484229837	3	"Intermediate RPCs"
"q413_0"	"E18_C125"	"E18"	"E18_Plate2"	3478	14924	-33.3268541961149	-2.21414306314968	17	"Intermediate RPCs"
"q414_0"	"E18_C126"	"E18"	"E18_Plate2"	4164	17783.9999999999	-34.2484836441025	7.12044448811673	16	"Intermediate RPCs"
"q415_0"	"E18_C127"	"E18"	"E18_Plate2"	3108	13536	-19.2410779112332	3.67624407519331	3	"Intermediate RPCs"
"q416_0"	"E18_C128"	"E18"	"E18_Plate2"	3928	16720	-22.7984750995895	19.6428106860126	24	"Intermediate RPCs"
"q417_0"	"E18_C129"	"E18"	"E18_Plate2"	2629	11640	-13.0548290167841	-2.94579480701034	19	"Intermediate RPCs"
"q418_0"	"E18_C130"	"E18"	"E18_Plate2"	4744	20008	-12.5491963072151	35.5353765636251	22	"Intermediate RPCs"
"q419_0"	"E18_C131"	"E18"	"E18_Plate2"	3725	15984	-14.8708482189538	15.0359603070904	18	"Intermediate RPCs"
"q420_0"	"E18_C132"	"E18"	"E18_Plate2"	1775	8156	33.9488421485823	-10.2955564090642	10	"Photoreceptor Precursors"
"q421_0"	"E18_C133"	"E18"	"E18_Plate2"	3000	13196	-30.3462516697091	-0.51485255735978	17	"Intermediate RPCs"
"q422_0"	"E18_C134"	"E18"	"E18_Plate2"	3463	15180	42.5485134483117	0.138624836136173	11	"Amacrine Cells"
"q423_0"	"E18_C135"	"E18"	"E18_Plate2"	3227	14140	-21.5551386825994	0.895236711806748	3	"Intermediate RPCs"
"q424_0"	"E18_C136"	"E18"	"E18_Plate2"	2092	9720.00000000002	34.5495376152704	-10.4388975820815	10	"Photoreceptor Precursors"
"q425_0"	"E18_C137"	"E18"	"E18_Plate2"	2772	12160	-15.7120661622212	8.41940284345934	18	"Intermediate RPCs"
"q426_0"	"E18_C138"	"E18"	"E18_Plate2"	3458	14912	-20.660588909386	3.54957588041191	3	"Intermediate RPCs"
"q427_0"	"E18_C139"	"E18"	"E18_Plate2"	3104	13276	-30.3256487116639	-1.37122110118269	17	"Intermediate RPCs"
"q428_0"	"E18_C140"	"E18"	"E18_Plate2"	3061	13271.9999999999	-14.6223549655015	7.80054230114163	18	"Intermediate RPCs"
"q429_0"	"E18_C141"	"E18"	"E18_Plate2"	4066	17964	-20.315423785198	19.6124950527088	24	"Intermediate RPCs"
"q430_0"	"E18_C142"	"E18"	"E18_Plate2"	3671	15804	-19.5343024441332	24.6015156435657	24	"Intermediate RPCs"
"q431_0"	"E18_C143"	"E18"	"E18_Plate2"	2429	10768	8.7440170673489	2.14448340151146	15	"Neurogenic Cells"
"q432_0"	"E18_C144"	"E18"	"E18_Plate2"	4054	17443.9999999999	-24.7447803382074	17.9292379521075	24	"Intermediate RPCs"
"q433_0"	"E18_C145"	"E18"	"E18_Plate2"	3390	16696	-26.0270294159641	-0.982725405467316	23	"Intermediate RPCs"
"q434_0"	"E18_C146"	"E18"	"E18_Plate2"	4224	20644	3.7010495029066	4.72087006444262	15	"Neurogenic Cells"
"q435_0"	"E18_C147"	"E18"	"E18_Plate2"	3810	19100	-32.7571033617487	3.87703604309546	34	"Intermediate RPCs"
"q436_0"	"E18_C148"	"E18"	"E18_Plate2"	3836	18520	-24.7843959174263	-1.65383759115937	23	"Intermediate RPCs"
"q437_0"	"E18_C149"	"E18"	"E18_Plate2"	3650	16532	-19.7341612235653	10.9961650400676	18	"Intermediate RPCs"
"q438_0"	"E18_C150"	"E18"	"E18_Plate2"	3585	18384	-29.0643146795807	2.36259190259458	29	"Intermediate RPCs"
"q439_0"	"E18_C151"	"E18"	"E18_Plate2"	4093	19968.0000000001	-34.6287956970926	6.93231811986765	16	"Intermediate RPCs"
"q440_0"	"E18_C152"	"E18"	"E18_Plate2"	3998	19664.0000000001	-34.4396889402325	5.7923986500831	16	"Intermediate RPCs"
"q441_0"	"E18_C153"	"E18"	"E18_Plate2"	3018	14832	36.2754476850862	-9.82084002503242	10	"Photoreceptor Precursors"
"q442_0"	"E18_C154"	"E18"	"E18_Plate2"	3462	18364	-35.7549141976368	8.145241273935	16	"Intermediate RPCs"
"q443_0"	"E18_C155"	"E18"	"E18_Plate2"	4208	19871.9999999999	5.24928369454296	8.28470748928244	38	"Neurogenic Cells"
"q444_0"	"E18_C156"	"E18"	"E18_Plate2"	4247	20216.0000000001	-36.0933092519011	3.91386298146168	34	"Intermediate RPCs"
"q445_0"	"E18_C157"	"E18"	"E18_Plate2"	2187	9848.00000000001	35.5070552809426	-9.919099799812	10	"Photoreceptor Precursors"
"q446_0"	"E18_C158"	"E18"	"E18_Plate2"	3544	15424	-15.1714782420761	20.9697563626951	24	"Intermediate RPCs"
"q447_0"	"E18_C159"	"E18"	"E18_Plate2"	2878	12704	-9.34952479129686	2.79124903962419	4	"Intermediate RPCs"
"q448_0"	"E18_C160"	"E18"	"E18_Plate2"	2865	12952	8.07654002675666	0.693006563565135	15	"Neurogenic Cells"
"q449_0"	"E18_C161"	"E18"	"E18_Plate2"	2215	9675.99999999999	29.9123671001874	-9.2390316701641	10	"Photoreceptor Precursors"
"q450_0"	"E18_C162"	"E18"	"E18_Plate2"	2816	12512	7.02153397554783	0.414613446978992	15	"Neurogenic Cells"
"q451_0"	"E18_C163"	"E18"	"E18_Plate2"	3411	14880	-26.0186646187169	2.78575186101342	29	"Intermediate RPCs"
"q452_0"	"E18_C164"	"E18"	"E18_Plate2"	2981	13072	-34.6009483207218	3.65259760872324	34	"Intermediate RPCs"
"q453_0"	"E18_C165"	"E18"	"E18_Plate2"	2131	9588.00000000003	30.9523287784565	-9.21171136275505	10	"Photoreceptor Precursors"
"q454_0"	"E18_C166"	"E18"	"E18_Plate2"	3708	15980	-30.3294854289494	0.404127422263349	17	"Intermediate RPCs"
"q455_0"	"E18_C167"	"E18"	"E18_Plate2"	2506	11192	-11.8840011781567	0.00403635492383161	4	"Intermediate RPCs"
"q456_0"	"E18_C168"	"E18"	"E18_Plate2"	2978	13092	-15.8272638086949	-0.839169815409808	19	"Intermediate RPCs"
"q457_0"	"E18_C169"	"E18"	"E18_Plate2"	3710	16299.9999999999	-13.9749425354956	28.505415065541	22	"Intermediate RPCs"
"q458_0"	"E18_C170"	"E18"	"E18_Plate2"	3821	16448.0000000001	-25.0177657736604	11.2866397389845	27	"Intermediate RPCs"
"q459_0"	"E18_C171"	"E18"	"E18_Plate2"	2978	13204	-19.3302688811277	0.234185602332326	3	"Intermediate RPCs"
"q460_0"	"E18_C172"	"E18"	"E18_Plate2"	3230	14296	-21.6323232679276	19.2275159417606	24	"Intermediate RPCs"
"q461_0"	"E18_C173"	"E18"	"E18_Plate2"	2617	11600	31.3537243698311	-10.7325578241415	10	"Photoreceptor Precursors"
"q462_0"	"E18_C174"	"E18"	"E18_Plate2"	1897	8471.99999999998	-11.6242274355818	-2.71080413792935	4	"Intermediate RPCs"
"q463_0"	"E18_C175"	"E18"	"E18_Plate2"	2180	9680	-12.039309078054	0.745787369520703	4	"Intermediate RPCs"
"q464_0"	"E18_C176"	"E18"	"E18_Plate2"	3691	15816	-22.4117978520814	10.4457622677533	27	"Intermediate RPCs"
"q465_0"	"E18_C177"	"E18"	"E18_Plate2"	2312	10524	14.1227396712063	-4.10284915467005	20	"Neurogenic Cells"
"q466_0"	"E18_C178"	"E18"	"E18_Plate2"	2809	12404	-17.1415816327966	-0.0144401844210423	3	"Intermediate RPCs"
"q467_0"	"E18_C179"	"E18"	"E18_Plate2"	3439	14776	-18.2453741895999	21.2956937781811	24	"Intermediate RPCs"
"q468_0"	"E18_C180"	"E18"	"E18_Plate2"	2737	11920	-23.2100724380879	7.08525051102904	29	"Intermediate RPCs"
"q469_0"	"E18_C181"	"E18"	"E18_Plate2"	4084	18368	-17.9137549720543	23.3651697839145	24	"Intermediate RPCs"
"q470_0"	"E18_C182"	"E18"	"E18_Plate2"	1514	7368.00000000002	-14.5875393483355	-1.53748256175358	19	"Intermediate RPCs"
"q471_0"	"E18_C183"	"E18"	"E18_Plate2"	4087	18128.0000000001	-25.4485393386058	10.1846697164456	27	"Intermediate RPCs"
"q472_0"	"E18_C184"	"E18"	"E18_Plate2"	2974	13332	-18.9571721724526	18.4866906789552	24	"Intermediate RPCs"
"q473_0"	"E18_C185"	"E18"	"E18_Plate2"	2744	11984	-13.8421575036158	-3.0387424967514	19	"Intermediate RPCs"
"q474_0"	"E18_C186"	"E18"	"E18_Plate2"	3520	15172.0000000001	-35.6189295849446	2.22687737601929	34	"Intermediate RPCs"
"q475_0"	"E18_C187"	"E18"	"E18_Plate2"	3252	14208	-19.7012353905308	17.9251859834361	24	"Intermediate RPCs"
"q476_0"	"E18_C188"	"E18"	"E18_Plate2"	3106	13412	-15.5546411724092	24.9908984206969	22	"Intermediate RPCs"
"q477_0"	"E18_C189"	"E18"	"E18_Plate2"	2698	11900	-15.9564494104599	0.262615025154986	3	"Intermediate RPCs"
"q478_0"	"E18_C190"	"E18"	"E18_Plate2"	2621	11520	-11.117211989002	3.24723839112869	4	"Intermediate RPCs"
"q479_0"	"E18_C191"	"E18"	"E18_Plate2"	2148	9563.99999999998	20.040500598267	15.2010899603818	36	"Early RPCs"
"q480_0"	"E18_C192"	"E18"	"E18_Plate2"	2469	11096	-18.1340535702002	-5.36790597713365	19	"Intermediate RPCs"
"q481_0"	"E18_C193"	"E18"	"E18_Plate3"	2514	11460	-19.1343651059972	-3.36533607591289	19	"Intermediate RPCs"
"q482_0"	"E18_C194"	"E18"	"E18_Plate3"	4188	18144	-16.9589638000531	25.8393068642213	22	"Intermediate RPCs"
"q483_0"	"E18_C195"	"E18"	"E18_Plate3"	3989	17432	-28.5537158616755	11.6194956812932	27	"Intermediate RPCs"
"q484_0"	"E18_C196"	"E18"	"E18_Plate3"	3120	14200.0000000001	-20.576942703509	-1.4630665504506	3	"Intermediate RPCs"
"q485_0"	"E18_C197"	"E18"	"E18_Plate3"	4650	20075.9999999999	-13.6414664564892	32.4532419673848	22	"Intermediate RPCs"
"q486_0"	"E18_C198"	"E18"	"E18_Plate3"	3580	15532	-21.6756478598028	20.1263620431372	24	"Intermediate RPCs"
"q487_0"	"E18_C199"	"E18"	"E18_Plate3"	3742	16252.0000000001	-18.9974481945387	20.9280020633689	24	"Intermediate RPCs"
"q488_0"	"E18_C200"	"E18"	"E18_Plate3"	2833	12540	-21.8450887987886	-3.8875485896656	23	"Intermediate RPCs"
"q489_0"	"E18_C201"	"E18"	"E18_Plate3"	2955	13016	-26.942407847869	-1.31006998854148	23	"Intermediate RPCs"
"q490_0"	"E18_C202"	"E18"	"E18_Plate3"	2298	10220	-20.373410525681	1.79212978522433	3	"Intermediate RPCs"
"q491_0"	"E18_C203"	"E18"	"E18_Plate3"	2056	9267.99999999998	8.2902730030215	3.50199693614336	15	"Neurogenic Cells"
"q492_0"	"E18_C204"	"E18"	"E18_Plate3"	3542	15380	-32.2074707293074	2.61821158514417	34	"Intermediate RPCs"
"q493_0"	"E18_C205"	"E18"	"E18_Plate3"	2607	11588	-18.1531950345337	-0.433669642139336	3	"Intermediate RPCs"
"q494_0"	"E18_C206"	"E18"	"E18_Plate3"	2498	10844	31.5464579789756	-10.0129924766192	10	"Photoreceptor Precursors"
"q495_0"	"E18_C207"	"E18"	"E18_Plate3"	3542	15544	-23.039526750897	-2.96853022726687	23	"Intermediate RPCs"
"q496_0"	"E18_C208"	"E18"	"E18_Plate3"	3021	13580	-17.5546548045835	-1.61642476964231	19	"Intermediate RPCs"
"q497_0"	"E18_C209"	"E18"	"E18_Plate3"	3982	17216	-18.0146751050997	24.4530568087402	24	"Intermediate RPCs"
"q498_0"	"E18_C210"	"E18"	"E18_Plate3"	3943	16924	-33.4282297411062	3.30693515429186	34	"Intermediate RPCs"
"q499_0"	"E18_C211"	"E18"	"E18_Plate3"	1844	8148	37.7953290278171	-12.2464899263532	10	"Photoreceptor Precursors"
"q500_0"	"E18_C212"	"E18"	"E18_Plate3"	4570	19764	-17.6939318132111	28.7714728407329	22	"Intermediate RPCs"
"q501_0"	"E18_C213"	"E18"	"E18_Plate3"	3014	13224	11.2024424906884	0.908683341282218	8	"Neurogenic Cells"
"q502_0"	"E18_C214"	"E18"	"E18_Plate3"	3458	15064	-26.7847689215107	12.799914290188	27	"Intermediate RPCs"
"q503_0"	"E18_C215"	"E18"	"E18_Plate3"	3638	15480	-18.4380786949901	17.7561162345821	24	"Intermediate RPCs"
"q504_0"	"E18_C216"	"E18"	"E18_Plate3"	3812	16696	-26.2321379305906	15.1064073152644	27	"Intermediate RPCs"
"q505_0"	"E18_C217"	"E18"	"E18_Plate3"	2843	12324	-19.8304123960557	21.8858075772613	24	"Intermediate RPCs"
"q506_0"	"E18_C218"	"E18"	"E18_Plate3"	2526	11128	42.8922486661558	0.448151392184919	37	"Amacrine Cells"
"q507_0"	"E18_C219"	"E18"	"E18_Plate3"	4209	18216	5.54009484081548	8.6398534390719	38	"Neurogenic Cells"
"q508_0"	"E18_C220"	"E18"	"E18_Plate3"	4153	18092.0000000001	-14.9996763830684	31.8653269882848	22	"Intermediate RPCs"
"q509_0"	"E18_C221"	"E18"	"E18_Plate3"	3329	14567.9999999999	-14.6320478329042	12.6963438187537	18	"Intermediate RPCs"
"q510_0"	"E18_C222"	"E18"	"E18_Plate3"	4251	18304	-25.0841709633858	11.1525864177112	27	"Intermediate RPCs"
"q511_0"	"E18_C223"	"E18"	"E18_Plate3"	2949	12824	13.9356514147535	-3.10569316817613	20	"Neurogenic Cells"
"q512_0"	"E18_C224"	"E18"	"E18_Plate3"	3306	14444	-25.3424468038293	16.9986896043767	24	"Intermediate RPCs"
"q513_0"	"E18_C225"	"E18"	"E18_Plate3"	4316	18472	-17.9691106850949	28.4754463743824	22	"Intermediate RPCs"
"q514_0"	"E18_C226"	"E18"	"E18_Plate3"	3929	17024	-28.6264016701112	3.45032853599106	29	"Intermediate RPCs"
"q515_0"	"E18_C227"	"E18"	"E18_Plate3"	4148	17952	-24.6195509834873	18.8547399128565	24	"Intermediate RPCs"
"q516_0"	"E18_C228"	"E18"	"E18_Plate3"	3369	14772	-19.6041819091493	12.2399882294486	18	"Intermediate RPCs"
"q517_0"	"E18_C229"	"E18"	"E18_Plate3"	3146	13652	-35.1592024735898	3.70066066185589	34	"Intermediate RPCs"
"q518_0"	"E18_C230"	"E18"	"E18_Plate3"	3463	15080	-36.7704277555244	2.6295246876713	34	"Intermediate RPCs"
"q519_0"	"E18_C231"	"E18"	"E18_Plate3"	2925	12912	10.9841041652992	1.08146796252661	8	"Neurogenic Cells"
"q520_0"	"E18_C232"	"E18"	"E18_Plate3"	3305	14376.0000000001	-30.7260406368364	6.36049881824227	29	"Intermediate RPCs"
"q521_0"	"E18_C233"	"E18"	"E18_Plate3"	3125	13768	13.648267412429	-4.52105566266724	20	"Neurogenic Cells"
"q522_0"	"E18_C234"	"E18"	"E18_Plate3"	3030	15772	42.5808390788006	1.92492455589843	37	"Amacrine Cells"
"q523_0"	"E18_C235"	"E18"	"E18_Plate3"	3941	17020	-22.7391375734413	18.9990198713097	24	"Intermediate RPCs"
"q524_0"	"E18_C236"	"E18"	"E18_Plate3"	4693	20064	-17.4668503887103	29.2838617419447	22	"Intermediate RPCs"
"q525_0"	"E18_C237"	"E18"	"E18_Plate3"	4503	19420	-27.2018350230896	8.58179110969969	27	"Intermediate RPCs"
"q526_0"	"E18_C238"	"E18"	"E18_Plate3"	2312	10336	-9.97502896857205	-1.62680634105888	4	"Intermediate RPCs"
"q527_0"	"E18_C239"	"E18"	"E18_Plate3"	4030	17476	-25.5028361375904	6.57147439341619	29	"Intermediate RPCs"
"q528_0"	"E18_C240"	"E18"	"E18_Plate3"	3815	16600.0000000001	-26.4294092211154	6.13180427941932	29	"Intermediate RPCs"
"q529_0"	"E18_C241"	"E18"	"E18_Plate3"	2985	13172.0000000001	-14.5755056716586	1.31115783068845	4	"Intermediate RPCs"
"q530_0"	"E18_C242"	"E18"	"E18_Plate3"	2399	10584	-10.317819269896	-0.861261416660919	4	"Intermediate RPCs"
"q531_0"	"E18_C243"	"E18"	"E18_Plate3"	2681	11940	8.49918620813843	2.69241872153769	15	"Neurogenic Cells"
"q532_0"	"E18_C244"	"E18"	"E18_Plate3"	2616	11472	-14.295999743573	-2.95446700643416	19	"Intermediate RPCs"
"q533_0"	"E18_C245"	"E18"	"E18_Plate3"	2677	11996	13.8978421057188	-1.36102930458801	20	"Neurogenic Cells"
"q534_0"	"E18_C246"	"E18"	"E18_Plate3"	3399	14836	-16.6915754275552	8.38007194567226	18	"Intermediate RPCs"
"q535_0"	"E18_C247"	"E18"	"E18_Plate3"	4940	22728	-20.6626277939148	27.9967499013378	22	"Intermediate RPCs"
"q536_0"	"E18_C248"	"E18"	"E18_Plate3"	5021	21291.9999999999	-13.9031174014654	33.6486301450121	22	"Intermediate RPCs"
"q537_0"	"E18_C249"	"E18"	"E18_Plate3"	3692	16167.9999999999	5.90741934207555	1.15906496395868	15	"Neurogenic Cells"
"q538_0"	"E18_C250"	"E18"	"E18_Plate3"	3923	16968.0000000001	-27.1462377048991	11.4449629068127	27	"Intermediate RPCs"
"q539_0"	"E18_C251"	"E18"	"E18_Plate3"	3709	15928	-29.4981752595306	2.10101110230462	29	"Intermediate RPCs"
"q540_0"	"E18_C252"	"E18"	"E18_Plate3"	2273	10056	-16.5146833265066	-2.48358903391165	19	"Intermediate RPCs"
"q541_0"	"E18_C253"	"E18"	"E18_Plate3"	2720	12172	43.6426003712632	-0.129897914501493	37	"Amacrine Cells"
"q542_0"	"E18_C254"	"E18"	"E18_Plate3"	3418	14804	-30.5258000920629	11.2276815106948	27	"Intermediate RPCs"
"q543_0"	"E18_C255"	"E18"	"E18_Plate3"	2783	12480	-20.4888521088405	0.356054380679511	3	"Intermediate RPCs"
"q544_0"	"E18_C256"	"E18"	"E18_Plate3"	2717	12000	-13.2947380622057	8.42207403209118	18	"Intermediate RPCs"
"q545_0"	"E18_C257"	"E18"	"E18_Plate3"	3936	17180	-22.2255255765969	10.5077176408788	27	"Intermediate RPCs"
"q546_0"	"E18_C258"	"E18"	"E18_Plate3"	4388	18852	-33.3615164210476	-2.41013048694523	17	"Intermediate RPCs"
"q547_0"	"E18_C259"	"E18"	"E18_Plate3"	4094	17744	5.07711881579263	4.84657245203737	15	"Neurogenic Cells"
"q548_0"	"E18_C260"	"E18"	"E18_Plate3"	4875	20788.0000000001	-22.6238863761161	21.0564719915246	24	"Intermediate RPCs"
"q549_0"	"E18_C261"	"E18"	"E18_Plate3"	4340	18772	-16.4270737870405	28.7484381254442	22	"Intermediate RPCs"
"q550_0"	"E18_C262"	"E18"	"E18_Plate3"	3122	13560	14.0153634586148	-2.67489072512698	20	"Neurogenic Cells"
"q551_0"	"E18_C263"	"E18"	"E18_Plate3"	4163	17924	-35.449664221002	6.4737609439398	16	"Intermediate RPCs"
"q552_0"	"E18_C264"	"E18"	"E18_Plate3"	4541	19684	-25.5123555019005	25.0678270587668	24	"Intermediate RPCs"
"q554_0"	"E18_C266"	"E18"	"E18_Plate3"	2400	10732	30.3757443575472	-8.25547514513106	10	"Photoreceptor Precursors"
"q555_0"	"E18_C267"	"E18"	"E18_Plate3"	3165	14176	-20.2321151048266	21.6032787798133	24	"Intermediate RPCs"
"q556_0"	"E18_C268"	"E18"	"E18_Plate3"	2811	12644	13.8460343942777	-1.2999645276513	20	"Neurogenic Cells"
"q557_0"	"E18_C269"	"E18"	"E18_Plate3"	6750	30536.0000000001	-36.5279805096299	8.36005144366395	16	"Intermediate RPCs"
"q558_0"	"E18_C270"	"E18"	"E18_Plate3"	3511	15096	-24.9318754549659	12.069508055636	27	"Intermediate RPCs"
"q559_0"	"E18_C271"	"E18"	"E18_Plate3"	3322	14539.9999999999	-26.3464832731347	3.47537917638052	29	"Intermediate RPCs"
"q560_0"	"E18_C272"	"E18"	"E18_Plate3"	4279	18243.9999999999	-14.4172293506733	33.133766563943	22	"Intermediate RPCs"
"q561_0"	"E18_C273"	"E18"	"E18_Plate3"	3118	14064	-13.989593282964	2.05422499217774	4	"Intermediate RPCs"
"q562_0"	"E18_C274"	"E18"	"E18_Plate3"	3510	15496	-28.8475882709177	7.4267681070216	29	"Intermediate RPCs"
"q564_0"	"E18_C276"	"E18"	"E18_Plate3"	2918	12976	-23.7012611962926	5.76706298943845	29	"Intermediate RPCs"
"q565_0"	"E18_C277"	"E18"	"E18_Plate3"	1912	9268	16.828955934783	-13.2184598996886	5	"Photoreceptor Precursors"
"q566_0"	"E18_C278"	"E18"	"E18_Plate3"	2887	12660	-19.0441770183447	18.0895020669497	24	"Intermediate RPCs"
"q567_0"	"E18_C279"	"E18"	"E18_Plate3"	2495	11148	-11.7020327961614	0.19054739887771	4	"Intermediate RPCs"
"q568_0"	"E18_C280"	"E18"	"E18_Plate3"	3255	14336	-21.2368934041717	18.6475141472251	24	"Intermediate RPCs"
"q569_0"	"E18_C281"	"E18"	"E18_Plate3"	4580	20008	-13.7678619964892	31.7350838713862	22	"Intermediate RPCs"
"q570_0"	"E18_C282"	"E18"	"E18_Plate3"	4383	19136	-24.4395921222779	20.5555169012366	24	"Intermediate RPCs"
"q571_0"	"E18_C283"	"E18"	"E18_Plate3"	2806	12408	-14.0334858461655	1.72737098179701	4	"Intermediate RPCs"
"q572_0"	"E18_C284"	"E18"	"E18_Plate3"	3041	13428	-23.6959095480177	-3.73196098672479	23	"Intermediate RPCs"
"q573_0"	"E18_C285"	"E18"	"E18_Plate3"	2808	12540	-15.3261937401995	8.49745246744112	18	"Intermediate RPCs"
"q574_0"	"E18_C286"	"E18"	"E18_Plate3"	2749	12176	-16.889238164888	-2.70524659441863	19	"Intermediate RPCs"
"q575_0"	"E18_C287"	"E18"	"E18_Plate3"	934	4504	-7.5862820155139	-18.434156532798	21	"Late RPCs"
"q576_0"	"E18_C288"	"E18"	"E18_Plate3"	2775	12476	-13.9423577059937	1.74964201949082	4	"Intermediate RPCs"
"q577_0"	"P2_C01"	"P2"	"P2_Plate1"	1100	6040	-11.5597722523322	-19.3656350429087	21	"Late RPCs"
"q578_0"	"P2_C02"	"P2"	"P2_Plate1"	1348	7263.99999999999	22.5032679339989	-19.8725233297658	30	"Photoreceptor Precursors"
"q579_0"	"P2_C03"	"P2"	"P2_Plate1"	1532	8363.99999999999	-6.9753625015264	-26.1832326625383	12	"Late RPCs"
"q580_0"	"P2_C04"	"P2"	"P2_Plate1"	1312	7392	-5.30837937145312	-30.1866110713411	12	"Late RPCs"
"q581_0"	"P2_C05"	"P2"	"P2_Plate1"	1393	7816	-0.258420432275028	-25.2834852330703	32	"Late RPCs"
"q582_0"	"P2_C06"	"P2"	"P2_Plate1"	1413	7532	20.1873941225101	-16.7871131873326	30	"Photoreceptor Precursors"
"q583_0"	"P2_C07"	"P2"	"P2_Plate1"	1536	7820	0.828808071152133	-32.8619608961461	7	"Late RPCs"
"q584_0"	"P2_C08"	"P2"	"P2_Plate1"	1586	7744	10.5569923883587	-18.9023709548232	28	"Photoreceptor Precursors"
"q585_0"	"P2_C09"	"P2"	"P2_Plate1"	1351	7031.99999999999	-1.52338803960893	-20.1467527917136	32	"Late RPCs"
"q586_0"	"P2_C10"	"P2"	"P2_Plate1"	1639	8451.99999999999	-1.47014874422239	-28.9431783148729	12	"Late RPCs"
"q587_0"	"P2_C11"	"P2"	"P2_Plate1"	2183	10708	15.7312128507018	-22.1389558037571	5	"Photoreceptor Precursors"
"q588_0"	"P2_C12"	"P2"	"P2_Plate1"	2236	10668	-11.8410832398801	-23.1212359718735	21	"Late RPCs"
"q589_0"	"P2_C13"	"P2"	"P2_Plate1"	1113	5899.99999999999	-1.16021185533276	-20.6770133461824	32	"Late RPCs"
"q590_0"	"P2_C14"	"P2"	"P2_Plate1"	1513	8051.99999999999	-16.8582185053848	-24.1270234523178	35	"Late RPCs"
"q591_0"	"P2_C15"	"P2"	"P2_Plate1"	2201	11124	-20.3655941811755	-28.0303619602748	35	"Late RPCs"
"q593_0"	"P2_C17"	"P2"	"P2_Plate1"	1295	6880	18.6973648283743	-16.3068719627125	5	"Photoreceptor Precursors"
"q594_0"	"P2_C18"	"P2"	"P2_Plate1"	1538	7712.00000000002	2.74072125998481	-28.2303631471208	13	"Late RPCs"
"q595_0"	"P2_C19"	"P2"	"P2_Plate1"	1534	13440	-28.1358446996351	-29.2996032642299	25	"Late RPCs"
"q596_0"	"P2_C20"	"P2"	"P2_Plate1"	1236	6356	-11.7615057352592	-21.3440168757604	21	"Late RPCs"
"q597_0"	"P2_C21"	"P2"	"P2_Plate1"	1506	7639.99999999999	-0.274111548914201	-27.0783946156834	13	"Late RPCs"
"q598_0"	"P2_C22"	"P2"	"P2_Plate1"	1888	9340	-21.6470150173973	-25.3643474407775	35	"Late RPCs"
"q599_0"	"P2_C23"	"P2"	"P2_Plate1"	2034	9483.99999999997	-19.0457095456781	-25.1601401643021	35	"Late RPCs"
"q600_0"	"P2_C24"	"P2"	"P2_Plate1"	1414	7335.99999999999	9.45636075093614	-19.6868532514936	28	"Photoreceptor Precursors"
"q601_0"	"P2_C25"	"P2"	"P2_Plate1"	1344	7152	-27.70524928699	-22.4146074357838	25	"Late RPCs"
"q602_0"	"P2_C26"	"P2"	"P2_Plate1"	3040	13479.9999999999	31.2549254085315	-11.5884766196319	10	"Photoreceptor Precursors"
"q603_0"	"P2_C27"	"P2"	"P2_Plate1"	1031	6412	-16.5815149123862	-23.8799626452245	35	"Late RPCs"
"q604_0"	"P2_C28"	"P2"	"P2_Plate1"	962	7232.00000000001	31.9631260371341	-15.0086986504866	39	"Photoreceptor Precursors"
"q605_0"	"P2_C29"	"P2"	"P2_Plate1"	1663	8388	-27.2619665455155	-23.5267583211976	25	"Late RPCs"
"q606_0"	"P2_C30"	"P2"	"P2_Plate1"	1168	5992.00000000001	27.216897739837	-16.5425223739205	39	"Photoreceptor Precursors"
"q607_0"	"P2_C31"	"P2"	"P2_Plate1"	1649	8032	10.6927312169664	-18.6621149887037	28	"Photoreceptor Precursors"
"q608_0"	"P2_C32"	"P2"	"P2_Plate1"	1880	9115.99999999997	30.0336314748014	-20.1931086850513	39	"Photoreceptor Precursors"
"q609_0"	"P2_C33"	"P2"	"P2_Plate1"	1104	5616.00000000001	18.7797819644042	-14.9776640219652	5	"Photoreceptor Precursors"
"q610_0"	"P2_C34"	"P2"	"P2_Plate1"	991	5372	15.099365209338	-16.532560695378	5	"Photoreceptor Precursors"
"q611_0"	"P2_C35"	"P2"	"P2_Plate1"	1143	5716	0.74720316063264	-18.9985798918179	32	"Late RPCs"
"q612_0"	"P2_C36"	"P2"	"P2_Plate1"	1556	7848.00000000001	-11.9080610336546	-22.404121281286	21	"Late RPCs"
"q613_0"	"P2_C37"	"P2"	"P2_Plate1"	2056	10352	-27.8976737579288	-24.7816648588456	25	"Late RPCs"
"q614_0"	"P2_C38"	"P2"	"P2_Plate1"	1258	6924	3.10443163781557	-22.4085162199827	32	"Late RPCs"
"q615_0"	"P2_C39"	"P2"	"P2_Plate1"	1184	6676.00000000002	5.7790718121301	-18.2301791826179	28	"Photoreceptor Precursors"
"q617_0"	"P2_C41"	"P2"	"P2_Plate1"	1464	8184.00000000001	20.2267658869526	-12.269594506145	5	"Photoreceptor Precursors"
"q618_0"	"P2_C42"	"P2"	"P2_Plate1"	1307	6696.00000000001	19.4825820628901	-14.5955589009889	5	"Photoreceptor Precursors"
"q619_0"	"P2_C43"	"P2"	"P2_Plate1"	2920	13280	-29.701331847838	-23.2529409013331	25	"Late RPCs"
"q622_0"	"P2_C46"	"P2"	"P2_Plate1"	2345	12052	31.7518484379552	-18.8016899665181	39	"Photoreceptor Precursors"
"q623_0"	"P2_C47"	"P2"	"P2_Plate1"	1227	6252.00000000001	-0.411389194757147	-23.2691423171896	32	"Late RPCs"
"q624_0"	"P2_C48"	"P2"	"P2_Plate1"	1999	9971.99999999998	31.4297705198873	-17.2560532831263	39	"Photoreceptor Precursors"
"q625_0"	"P2_C49"	"P2"	"P2_Plate1"	955	6479.99999999999	28.3916352821251	-12.0166286323092	10	"Photoreceptor Precursors"
"q626_0"	"P2_C50"	"P2"	"P2_Plate1"	1247	8304	15.1679445689278	-17.4039464694689	5	"Photoreceptor Precursors"
"q627_0"	"P2_C51"	"P2"	"P2_Plate1"	1152	7556.00000000001	23.991890985979	-16.1892211394084	30	"Photoreceptor Precursors"
"q628_0"	"P2_C52"	"P2"	"P2_Plate1"	1863	9984.00000000002	-31.4241188568611	-21.9688027190678	25	"Late RPCs"
"q629_0"	"P2_C53"	"P2"	"P2_Plate1"	1188	6992	30.1165716336682	-10.7484617119615	10	"Photoreceptor Precursors"
"q630_0"	"P2_C54"	"P2"	"P2_Plate1"	1764	8811.99999999999	-0.890044079347816	-27.3503964270457	13	"Late RPCs"
"q631_0"	"P2_C55"	"P2"	"P2_Plate1"	1705	13192	15.6473773980371	-21.5350844985009	5	"Photoreceptor Precursors"
"q632_0"	"P2_C56"	"P2"	"P2_Plate1"	1063	5827.99999999999	1.78853380465724	-22.8742812346133	32	"Late RPCs"
"q633_0"	"P2_C57"	"P2"	"P2_Plate1"	957	5900.00000000001	1.82318365175191	-15.4161200496492	28	"Photoreceptor Precursors"
"q634_0"	"P2_C58"	"P2"	"P2_Plate1"	1767	10508	-1.76139804519081	-35.2861474009421	7	"Late RPCs"
"q635_0"	"P2_C59"	"P2"	"P2_Plate1"	2080	10828	-29.7549403892886	-23.1647050091301	25	"Late RPCs"
"q636_0"	"P2_C60"	"P2"	"P2_Plate1"	1933	9611.99999999998	-20.9135566503182	-18.9900866532501	35	"Late RPCs"
"q637_0"	"P2_C61"	"P2"	"P2_Plate1"	1306	7200.00000000001	5.40336985886589	-17.9741682495922	28	"Photoreceptor Precursors"
"q638_0"	"P2_C62"	"P2"	"P2_Plate1"	1261	7028	4.60839380031022	-18.0849648190982	28	"Photoreceptor Precursors"
"q639_0"	"P2_C63"	"P2"	"P2_Plate1"	1434	7791.99999999999	-4.74677576305778	-22.7888179440588	32	"Late RPCs"
"q640_0"	"P2_C64"	"P2"	"P2_Plate1"	2624	12384	-20.2707584832606	-20.3517509983897	35	"Late RPCs"
"q641_0"	"P2_C65"	"P2"	"P2_Plate1"	1180	6435.99999999999	12.8795570453971	-19.0001190879768	5	"Photoreceptor Precursors"
"q642_0"	"P2_C66"	"P2"	"P2_Plate1"	1725	8763.99999999998	-7.51284028097379	-27.8337190775131	12	"Late RPCs"
"q643_0"	"P2_C67"	"P2"	"P2_Plate1"	1913	9872	32.0921197717022	-17.7691494521617	39	"Photoreceptor Precursors"
"q644_0"	"P2_C68"	"P2"	"P2_Plate1"	1443	7524	-17.4112659260729	-24.4159967131283	35	"Late RPCs"
"q645_0"	"P2_C69"	"P2"	"P2_Plate1"	1369	7324	0.984027974894722	-20.8846357916471	32	"Late RPCs"
"q646_0"	"P2_C70"	"P2"	"P2_Plate1"	1979	9695.99999999999	-8.45445730465336	-22.9608825343638	21	"Late RPCs"
"q647_0"	"P2_C71"	"P2"	"P2_Plate1"	1868	9360.00000000002	-5.66729395825628	-33.2879546049539	12	"Late RPCs"
"q648_0"	"P2_C72"	"P2"	"P2_Plate1"	1879	9436.00000000001	-18.7915520113208	-25.1797226859395	35	"Late RPCs"
"q650_0"	"P2_C74"	"P2"	"P2_Plate1"	1426	7404.00000000003	15.5734294871801	-17.9305122506753	5	"Photoreceptor Precursors"
"q651_0"	"P2_C75"	"P2"	"P2_Plate1"	1316	6904.00000000001	-12.3813278558595	-20.9073483506121	21	"Late RPCs"
"q652_0"	"P2_C76"	"P2"	"P2_Plate1"	1954	9699.99999999998	-19.780197385555	-27.031047962062	35	"Late RPCs"
"q653_0"	"P2_C77"	"P2"	"P2_Plate1"	1786	8679.99999999998	-23.2305406989899	-28.120256185321	35	"Late RPCs"
"q654_0"	"P2_C78"	"P2"	"P2_Plate1"	1410	7063.99999999998	-1.738917233052	-24.6491746252399	32	"Late RPCs"
"q655_0"	"P2_C79"	"P2"	"P2_Plate1"	1872	8924.00000000001	-14.6346799749183	-25.5940760042242	35	"Late RPCs"
"q656_0"	"P2_C80"	"P2"	"P2_Plate1"	1983	9608	-14.3163773661729	-27.9425819541645	35	"Late RPCs"
"q657_0"	"P2_C81"	"P2"	"P2_Plate1"	1524	7592	20.2048595524158	-12.2771071936937	5	"Photoreceptor Precursors"
"q658_0"	"P2_C82"	"P2"	"P2_Plate1"	2065	9964	-25.7216438146873	-24.4334296023777	25	"Late RPCs"
"q659_0"	"P2_C83"	"P2"	"P2_Plate1"	1212	6240.00000000001	3.45882434962704	-18.4058703360234	28	"Photoreceptor Precursors"
"q660_0"	"P2_C84"	"P2"	"P2_Plate1"	2945	13792	-17.5546262169015	-29.2171301838147	35	"Late RPCs"
"q661_0"	"P2_C85"	"P2"	"P2_Plate1"	796	4456.00000000001	16.384025878996	-20.7976970273168	5	"Photoreceptor Precursors"
"q662_0"	"P2_C86"	"P2"	"P2_Plate1"	1055	5892	-16.0456966567608	-5.12885464967293	19	"Intermediate RPCs"
"q663_0"	"P2_C87"	"P2"	"P2_Plate1"	1633	8244	-13.6390404217474	-25.2827539808739	21	"Late RPCs"
"q664_0"	"P2_C88"	"P2"	"P2_Plate1"	1168	6384	-0.357352864288796	-25.9448912393027	13	"Late RPCs"
"q665_0"	"P2_C89"	"P2"	"P2_Plate1"	1191	6392	5.82012057490391	-17.2181662720831	28	"Photoreceptor Precursors"
"q666_0"	"P2_C90"	"P2"	"P2_Plate1"	1766	8680	25.8714010313054	-17.3731643394533	30	"Photoreceptor Precursors"
"q667_0"	"P2_C91"	"P2"	"P2_Plate1"	953	5383.99999999999	19.3722980932723	-16.8227136324504	5	"Photoreceptor Precursors"
"q668_0"	"P2_C92"	"P2"	"P2_Plate1"	880	4948	24.8053655512645	-15.4216234801641	30	"Photoreceptor Precursors"
"q669_0"	"P2_C93"	"P2"	"P2_Plate1"	1113	5848	24.0498617606613	-16.9239403718593	30	"Photoreceptor Precursors"
"q670_0"	"P2_C94"	"P2"	"P2_Plate1"	1477	7468	5.38549232011169	-16.6394041189545	28	"Photoreceptor Precursors"
"q671_0"	"P2_C95"	"P2"	"P2_Plate1"	968	5264.00000000002	16.1008648809578	-17.6581316643944	5	"Photoreceptor Precursors"
"q672_0"	"P2_C96"	"P2"	"P2_Plate1"	1056	5579.99999999999	1.12742776397404	-24.3095458116401	32	"Late RPCs"
"q673_0"	"P2_C97"	"P2"	"P2_Plate2"	1482	7948	4.30005687055775	-30.9214548622844	13	"Late RPCs"
"q674_0"	"P2_C98"	"P2"	"P2_Plate2"	2892	13532	0.539439207094806	-33.8312261714169	7	"Late RPCs"
"q675_0"	"P2_C99"	"P2"	"P2_Plate2"	2192	11404	-6.96926645699689	-31.1706507740248	12	"Late RPCs"
"q676_0"	"P2_C100"	"P2"	"P2_Plate2"	3139	14484	21.6118512743468	-22.5446296337164	30	"Photoreceptor Precursors"
"q677_0"	"P2_C101"	"P2"	"P2_Plate2"	2214	10528	-25.0365302845864	-25.2510832425186	25	"Late RPCs"
"q678_0"	"P2_C102"	"P2"	"P2_Plate2"	2495	12044	18.7837953160435	-22.3447393856655	30	"Photoreceptor Precursors"
"q680_0"	"P2_C104"	"P2"	"P2_Plate2"	1659	8139.99999999999	18.9315122713258	-20.1047865393768	30	"Photoreceptor Precursors"
"q681_0"	"P2_C105"	"P2"	"P2_Plate2"	1364	6959.99999999999	8.57182954295309	-19.3010831971725	28	"Photoreceptor Precursors"
"q682_0"	"P2_C106"	"P2"	"P2_Plate2"	1544	7795.99999999999	-1.95585648522257	-27.984754876372	12	"Late RPCs"
"q684_0"	"P2_C108"	"P2"	"P2_Plate2"	1270	6972.00000000002	-2.70219244382182	-23.2775752170491	32	"Late RPCs"
"q685_0"	"P2_C109"	"P2"	"P2_Plate2"	1674	8868.00000000001	-24.0469777349678	-28.2096638892949	35	"Late RPCs"
"q686_0"	"P2_C110"	"P2"	"P2_Plate2"	1119	6120	8.71640853408555	-18.9113590708949	28	"Photoreceptor Precursors"
"q687_0"	"P2_C111"	"P2"	"P2_Plate2"	2280	10864	-29.5182817653264	-24.853040519341	25	"Late RPCs"
"q688_0"	"P2_C112"	"P2"	"P2_Plate2"	1866	9271.99999999998	3.28706765322019	-33.3794186969827	7	"Late RPCs"
"q690_0"	"P2_C114"	"P2"	"P2_Plate2"	1856	9432.00000000001	-23.3999902491246	-28.3984766259311	35	"Late RPCs"
"q693_0"	"P2_C117"	"P2"	"P2_Plate2"	1533	7724	-17.2575428077068	-26.4384620636149	35	"Late RPCs"
"q694_0"	"P2_C118"	"P2"	"P2_Plate2"	1216	6316	-16.8246178018544	-6.58835079972724	19	"Intermediate RPCs"
"q695_0"	"P2_C119"	"P2"	"P2_Plate2"	1599	7972	19.0876720635632	-20.2818124121373	30	"Photoreceptor Precursors"
"q696_0"	"P2_C120"	"P2"	"P2_Plate2"	1113	6083.99999999999	8.13476350394243	-19.748960304759	28	"Photoreceptor Precursors"
"q697_0"	"P2_C121"	"P2"	"P2_Plate2"	851	4552	21.893379962936	-17.0034191923772	30	"Photoreceptor Precursors"
"q698_0"	"P2_C122"	"P2"	"P2_Plate2"	1730	9023.99999999997	-19.4933900763449	-27.5778920690468	35	"Late RPCs"
"q699_0"	"P2_C123"	"P2"	"P2_Plate2"	1865	9468.00000000003	2.98594945517702	-33.9758049599592	7	"Late RPCs"
"q700_0"	"P2_C124"	"P2"	"P2_Plate2"	2124	10240	-30.145593276478	-25.6746167899267	25	"Late RPCs"
"q701_0"	"P2_C125"	"P2"	"P2_Plate2"	1397	7192	2.18631553892574	-22.7802980608313	32	"Late RPCs"
"q702_0"	"P2_C126"	"P2"	"P2_Plate2"	1523	7608	-11.2581089121752	-21.5662377067024	21	"Late RPCs"
"q704_0"	"P2_C128"	"P2"	"P2_Plate2"	1895	9759.99999999997	-4.08950435655959	-32.011862594018	12	"Late RPCs"
"q705_0"	"P2_C129"	"P2"	"P2_Plate2"	1834	9335.99999999999	-4.52891164313409	-21.7371896942032	32	"Late RPCs"
"q706_0"	"P2_C130"	"P2"	"P2_Plate2"	1820	9028.00000000001	-14.7504898719632	-28.3834562120753	35	"Late RPCs"
"q707_0"	"P2_C131"	"P2"	"P2_Plate2"	1892	9308.00000000001	1.89802473125535	-29.2813340056782	13	"Late RPCs"
"q708_0"	"P2_C132"	"P2"	"P2_Plate2"	2505	12000	23.4128790805861	-21.2630460028693	30	"Photoreceptor Precursors"
"q709_0"	"P2_C133"	"P2"	"P2_Plate2"	1908	9964.00000000001	-2.29411323123702	-29.8750716910445	12	"Late RPCs"
"q711_0"	"P2_C135"	"P2"	"P2_Plate2"	1652	8516.00000000001	19.7746712950859	-20.1886716991276	30	"Photoreceptor Precursors"
"q712_0"	"P2_C136"	"P2"	"P2_Plate2"	2399	12112	-31.1718543657057	-26.8622504608854	25	"Late RPCs"
"q713_0"	"P2_C137"	"P2"	"P2_Plate2"	2307	11412	29.7054886636575	-20.5217944347063	39	"Photoreceptor Precursors"
"q714_0"	"P2_C138"	"P2"	"P2_Plate2"	1499	7832.00000000002	-4.3604329397994	-27.1658977626692	12	"Late RPCs"
"q715_0"	"P2_C139"	"P2"	"P2_Plate2"	1593	8344.00000000001	-17.4697057335946	-29.1523408475913	35	"Late RPCs"
"q716_0"	"P2_C140"	"P2"	"P2_Plate2"	2108	10352	-7.43295230897377	-31.0873827606396	12	"Late RPCs"
"q717_0"	"P2_C141"	"P2"	"P2_Plate2"	1336	6955.99999999999	-0.525362159436912	-20.5281582997976	32	"Late RPCs"
"q718_0"	"P2_C142"	"P2"	"P2_Plate2"	1582	8043.99999999998	-22.1618908856807	-24.7696809111009	35	"Late RPCs"
"q719_0"	"P2_C143"	"P2"	"P2_Plate2"	1693	8360.00000000001	-2.87053005284866	-25.7327432184386	32	"Late RPCs"
"q720_0"	"P2_C144"	"P2"	"P2_Plate2"	1245	6572.00000000002	-1.34312248848271	-23.5898797147446	32	"Late RPCs"
"q721_0"	"P2_C145"	"P2"	"P2_Plate2"	1489	7720	20.9433940514931	-21.9985443991221	30	"Photoreceptor Precursors"
"q722_0"	"P2_C146"	"P2"	"P2_Plate2"	1727	9096.00000000002	2.01266892408884	-29.0813429177472	13	"Late RPCs"
"q723_0"	"P2_C147"	"P2"	"P2_Plate2"	1094	5972.00000000001	16.5543260538449	-17.423537835274	5	"Photoreceptor Precursors"
"q724_0"	"P2_C148"	"P2"	"P2_Plate2"	2036	10520	-2.24456490225231	-31.9411554734725	12	"Late RPCs"
"q725_0"	"P2_C149"	"P2"	"P2_Plate2"	1441	7599.99999999997	1.50166072848641	-35.0169483127431	7	"Late RPCs"
"q726_0"	"P2_C150"	"P2"	"P2_Plate2"	1477	7744	-20.3038716787194	-23.7235198804101	35	"Late RPCs"
"q727_0"	"P2_C151"	"P2"	"P2_Plate2"	2787	13264	-3.38783359759597	-35.1687287690457	7	"Late RPCs"
"q728_0"	"P2_C152"	"P2"	"P2_Plate2"	2682	13232	-31.0015159949453	-21.3075108527528	25	"Late RPCs"
"q729_0"	"P2_C153"	"P2"	"P2_Plate2"	1853	9308	-18.9749443668274	-23.9619737661575	35	"Late RPCs"
"q730_0"	"P2_C154"	"P2"	"P2_Plate2"	1114	6152	-15.1378164568461	-6.89336821111236	19	"Intermediate RPCs"
"q731_0"	"P2_C155"	"P2"	"P2_Plate2"	1537	7728	-6.97430280956432	-25.6271383828897	12	"Late RPCs"
"q732_0"	"P2_C156"	"P2"	"P2_Plate2"	1634	8079.99999999999	0.734164024359189	-21.1256741053249	32	"Late RPCs"
"q733_0"	"P2_C157"	"P2"	"P2_Plate2"	2011	10136	1.89675444202946	-34.8022642680964	7	"Late RPCs"
"q734_0"	"P2_C158"	"P2"	"P2_Plate2"	2138	10364	32.3243112899246	-18.1433223438513	39	"Photoreceptor Precursors"
"q735_0"	"P2_C159"	"P2"	"P2_Plate2"	1168	6216.00000000001	21.6411595389406	-19.4145852066231	30	"Photoreceptor Precursors"
"q736_0"	"P2_C160"	"P2"	"P2_Plate2"	2068	10312	-30.9590289574986	-23.2632820031887	25	"Late RPCs"
"q737_0"	"P2_C161"	"P2"	"P2_Plate2"	1476	7823.99999999998	2.05291583914752	-18.7904842320911	28	"Photoreceptor Precursors"
"q738_0"	"P2_C162"	"P2"	"P2_Plate2"	1490	7055.99999999999	2.04561995366961	-15.9703306389052	28	"Photoreceptor Precursors"
"q739_0"	"P2_C163"	"P2"	"P2_Plate2"	2899	13972	33.2667272645147	-17.2460299540324	39	"Photoreceptor Precursors"
"q740_0"	"P2_C164"	"P2"	"P2_Plate2"	2561	12024	32.762848163147	-17.3193890794514	39	"Photoreceptor Precursors"
"q741_0"	"P2_C165"	"P2"	"P2_Plate2"	932	5040	-31.0551929421888	-6.42929105956945	17	"Intermediate RPCs"
"q742_0"	"P2_C166"	"P2"	"P2_Plate2"	2480	12240	33.7714574914464	-17.3165603720947	39	"Photoreceptor Precursors"
"q743_0"	"P2_C167"	"P2"	"P2_Plate2"	1620	8340	5.03166845250448	-30.0798804611739	13	"Late RPCs"
"q744_0"	"P2_C168"	"P2"	"P2_Plate2"	2966	14128	-33.9587862841826	-26.5906362421244	25	"Late RPCs"
"q745_0"	"P2_C169"	"P2"	"P2_Plate2"	1768	9072.00000000001	-19.9183977866974	-25.3791255004765	35	"Late RPCs"
"q746_0"	"P2_C170"	"P2"	"P2_Plate2"	1759	8847.99999999999	0.228190491139673	-32.685741329241	7	"Late RPCs"
"q747_0"	"P2_C171"	"P2"	"P2_Plate2"	1781	8823.99999999998	35.4618579540907	-18.093081302467	39	"Photoreceptor Precursors"
"q748_0"	"P2_C172"	"P2"	"P2_Plate2"	1627	8223.99999999999	-31.8096491082208	-23.7770993524209	25	"Late RPCs"
"q749_0"	"P2_C173"	"P2"	"P2_Plate2"	1717	8992.00000000003	-27.6059073461654	-23.6124322646802	25	"Late RPCs"
"q751_0"	"P2_C175"	"P2"	"P2_Plate2"	3110	14696	32.0407091693928	-15.4407285014792	39	"Photoreceptor Precursors"
"q752_0"	"P2_C176"	"P2"	"P2_Plate2"	1915	9752.00000000001	-4.81886257777904	-32.4147773936788	12	"Late RPCs"
"q753_0"	"P2_C177"	"P2"	"P2_Plate2"	2250	11192	-30.3954975951819	-26.3229996355325	25	"Late RPCs"
"q754_0"	"P2_C178"	"P2"	"P2_Plate2"	1933	9655.99999999999	-23.8837240959774	-26.2000368281949	35	"Late RPCs"
"q755_0"	"P2_C179"	"P2"	"P2_Plate2"	2247	10872	-2.25393656265466	-30.8536309314548	12	"Late RPCs"
"q756_0"	"P2_C180"	"P2"	"P2_Plate2"	1639	8628	-3.71809720826959	-26.33099759529	12	"Late RPCs"
"q757_0"	"P2_C181"	"P2"	"P2_Plate2"	1423	7811.99999999999	28.234362476027	-16.8777711138545	39	"Photoreceptor Precursors"
"q758_0"	"P2_C182"	"P2"	"P2_Plate2"	1487	7824.00000000001	1.17728943617129	-24.3131442481748	32	"Late RPCs"
"q759_0"	"P2_C183"	"P2"	"P2_Plate2"	1228	6556	22.1666053141014	-18.0160207791915	30	"Photoreceptor Precursors"
"q760_0"	"P2_C184"	"P2"	"P2_Plate2"	975	5683.99999999999	8.96635221900433	21.7260171018536	9	"Early RPCs"
"q761_0"	"P2_C185"	"P2"	"P2_Plate2"	1251	7064	2.30000426797672	-24.1357384585095	32	"Late RPCs"
"q762_0"	"P2_C186"	"P2"	"P2_Plate2"	2822	12824	18.6470440080158	-22.3846470767844	30	"Photoreceptor Precursors"
"q763_0"	"P2_C187"	"P2"	"P2_Plate2"	2555	12096	-4.04885549298786	-33.4464239948413	12	"Late RPCs"
"q765_0"	"P2_C189"	"P2"	"P2_Plate2"	1305	7304	3.53003846088921	-25.9629173196596	13	"Late RPCs"
"q766_0"	"P2_C190"	"P2"	"P2_Plate2"	840	6147.99999999999	-7.53176540373373	0.997922088122547	4	"Intermediate RPCs"
"q767_0"	"P2_C191"	"P2"	"P2_Plate2"	2145	11220	-4.01568478999822	-26.7973526417677	12	"Late RPCs"
"q768_0"	"P2_C192"	"P2"	"P2_Plate2"	1322	7324	-4.533738500592	-24.4179008603511	32	"Late RPCs"
"q769_0"	"P2_C193"	"P2"	"P2_Plate3"	865	4687.99999999999	24.8505388841408	-18.7843285908311	30	"Photoreceptor Precursors"
"q770_0"	"P2_C194"	"P2"	"P2_Plate3"	1511	7500.00000000002	-14.7132254385684	-25.4814938370643	35	"Late RPCs"
"q771_0"	"P2_C195"	"P2"	"P2_Plate3"	1570	8208.00000000001	-24.4950275981602	-23.2247532205287	25	"Late RPCs"
"q772_0"	"P2_C196"	"P2"	"P2_Plate3"	1220	6952	2.4354156884626	-18.3200777195203	28	"Photoreceptor Precursors"
"q773_0"	"P2_C197"	"P2"	"P2_Plate3"	1799	9208.00000000001	31.9146658752316	-19.053387547411	39	"Photoreceptor Precursors"
"q775_0"	"P2_C199"	"P2"	"P2_Plate3"	1507	7660	-26.1661566672675	-22.8369480241182	25	"Late RPCs"
"q776_0"	"P2_C200"	"P2"	"P2_Plate3"	1575	8084	-21.0899315034588	-28.2595121422861	35	"Late RPCs"
"q777_0"	"P2_C201"	"P2"	"P2_Plate3"	1607	8164.00000000001	-2.72480769660059	-16.8589876476172	32	"Late RPCs"
"q778_0"	"P2_C202"	"P2"	"P2_Plate3"	1785	8351.99999999999	13.5919581469467	-18.3677433025622	5	"Photoreceptor Precursors"
"q779_0"	"P2_C203"	"P2"	"P2_Plate3"	998	5223.99999999999	25.0063281151395	-15.9727876583783	30	"Photoreceptor Precursors"
"q780_0"	"P2_C204"	"P2"	"P2_Plate3"	2886	13168	-29.3150092758805	-26.9893073618753	25	"Late RPCs"
"q781_0"	"P2_C205"	"P2"	"P2_Plate3"	1475	9760	11.8391815126762	-5.7811779110159	20	"Neurogenic Cells"
"q782_0"	"P2_C206"	"P2"	"P2_Plate3"	1462	9371.99999999997	28.4095066160546	-11.9842541097837	10	"Photoreceptor Precursors"
"q783_0"	"P2_C207"	"P2"	"P2_Plate3"	1618	8615.99999999998	0.389836539458553	-30.5101267791878	13	"Late RPCs"
"q784_0"	"P2_C208"	"P2"	"P2_Plate3"	3046	14640	-34.3204687591516	-26.6976082323515	25	"Late RPCs"
"q785_0"	"P2_C209"	"P2"	"P2_Plate3"	2002	10508	-1.71231596683061	-36.7235572096341	7	"Late RPCs"
"q787_0"	"P2_C211"	"P2"	"P2_Plate3"	1173	8492	-7.67693984511445	-21.7924149408615	21	"Late RPCs"
"q788_0"	"P2_C212"	"P2"	"P2_Plate3"	1131	7376	4.35237903660512	-35.1313288215516	7	"Late RPCs"
"q789_0"	"P2_C213"	"P2"	"P2_Plate3"	2321	11388	-32.7481471178905	-26.0195287881913	25	"Late RPCs"
"q790_0"	"P2_C214"	"P2"	"P2_Plate3"	2336	11696	-1.81136817116751	-33.338195961338	7	"Late RPCs"
"q791_0"	"P2_C215"	"P2"	"P2_Plate3"	1150	7100.00000000002	4.94599570989008	-33.5599632164069	7	"Late RPCs"
"q792_0"	"P2_C216"	"P2"	"P2_Plate3"	1804	10016	-25.1429395048978	-25.3352079651749	25	"Late RPCs"
"q793_0"	"P2_C217"	"P2"	"P2_Plate3"	1748	9096.00000000001	4.04754694555854	-31.5470201148197	13	"Late RPCs"
"q794_0"	"P2_C218"	"P2"	"P2_Plate3"	1915	9664.00000000002	-5.11763943151075	-32.1396830127733	12	"Late RPCs"
"q795_0"	"P2_C219"	"P2"	"P2_Plate3"	1125	6368	1.80549434212153	-26.5106063982541	13	"Late RPCs"
"q796_0"	"P2_C220"	"P2"	"P2_Plate3"	1063	6272.00000000003	0.68950792236674	-21.6043452829661	32	"Late RPCs"
"q797_0"	"P2_C221"	"P2"	"P2_Plate3"	1565	8363.99999999999	0.430360433366669	-27.5509286745466	13	"Late RPCs"
"q798_0"	"P2_C222"	"P2"	"P2_Plate3"	1798	9476	-18.5664284884406	-29.2073768374608	35	"Late RPCs"
"q799_0"	"P2_C223"	"P2"	"P2_Plate3"	1597	8212.00000000001	2.63821443881887	-17.6836297251776	28	"Photoreceptor Precursors"
"q800_0"	"P2_C224"	"P2"	"P2_Plate3"	1658	8368.00000000002	25.0029292769819	-18.1894797842698	30	"Photoreceptor Precursors"
"q801_0"	"P2_C225"	"P2"	"P2_Plate3"	1697	8772	-23.4260129943252	-25.8242278828308	35	"Late RPCs"
"q802_0"	"P2_C226"	"P2"	"P2_Plate3"	1818	9072	-15.4401909892858	-28.8334797250761	35	"Late RPCs"
"q803_0"	"P2_C227"	"P2"	"P2_Plate3"	1080	5832	25.9656494654258	-16.7962774142089	30	"Photoreceptor Precursors"
"q804_0"	"P2_C228"	"P2"	"P2_Plate3"	2496	12384	-32.6174327139865	-23.5233198324998	25	"Late RPCs"
"q805_0"	"P2_C229"	"P2"	"P2_Plate3"	1841	9172.00000000001	-17.873708945847	-28.8018338984789	35	"Late RPCs"
"q806_0"	"P2_C230"	"P2"	"P2_Plate3"	1897	9503.99999999998	-28.8236313103814	-25.492591931261	25	"Late RPCs"
"q807_0"	"P2_C231"	"P2"	"P2_Plate3"	983	5304	21.0073697081996	-17.9755609087596	30	"Photoreceptor Precursors"
"q808_0"	"P2_C232"	"P2"	"P2_Plate3"	2235	11100	-25.4785021319865	-26.0436379326144	25	"Late RPCs"
"q809_0"	"P2_C233"	"P2"	"P2_Plate3"	2946	13772	-27.3097906903314	-25.6929809734864	25	"Late RPCs"
"q810_0"	"P2_C234"	"P2"	"P2_Plate3"	1835	8972.00000000002	-0.802069319073933	-33.1643335761108	7	"Late RPCs"
"q811_0"	"P2_C235"	"P2"	"P2_Plate3"	1881	9480.00000000002	-20.8789897523627	-26.289449342536	35	"Late RPCs"
"q812_0"	"P2_C236"	"P2"	"P2_Plate3"	1991	9612.00000000003	-26.5020244424729	-27.4128478414546	25	"Late RPCs"
"q813_0"	"P2_C237"	"P2"	"P2_Plate3"	1433	8128.00000000001	-1.34891802651407	-30.6822717689657	12	"Late RPCs"
"q814_0"	"P2_C238"	"P2"	"P2_Plate3"	910	4964	15.242675159147	-16.3824144858424	5	"Photoreceptor Precursors"
"q815_0"	"P2_C239"	"P2"	"P2_Plate3"	1026	5488	21.9347535277275	-18.2446030830041	30	"Photoreceptor Precursors"
"q816_0"	"P2_C240"	"P2"	"P2_Plate3"	2198	10648	-30.0037657203262	-23.8596269115958	25	"Late RPCs"
"q817_0"	"P2_C241"	"P2"	"P2_Plate3"	1765	9123.99999999998	-15.9098232662082	-29.1465082117604	35	"Late RPCs"
"q818_0"	"P2_C242"	"P2"	"P2_Plate3"	1127	6536.00000000002	22.1888279035684	-16.7076958521463	30	"Photoreceptor Precursors"
"q819_0"	"P2_C243"	"P2"	"P2_Plate3"	1480	8136	-7.03542674643968	-27.133019468326	12	"Late RPCs"
"q820_0"	"P2_C244"	"P2"	"P2_Plate3"	1750	9044	2.74098479446131	-33.7287250207322	7	"Late RPCs"
"q821_0"	"P2_C245"	"P2"	"P2_Plate3"	1517	8159.99999999998	-3.11295271258356	-29.9201341513764	12	"Late RPCs"
"q822_0"	"P2_C246"	"P2"	"P2_Plate3"	1295	6871.99999999999	13.5174636423706	-21.5466676924761	5	"Photoreceptor Precursors"
"q823_0"	"P2_C247"	"P2"	"P2_Plate3"	2422	11516	-25.2829996281336	-27.3387307681291	25	"Late RPCs"
"q824_0"	"P2_C248"	"P2"	"P2_Plate3"	2110	10604	0.0545995405328894	-36.264108252923	7	"Late RPCs"
"q825_0"	"P2_C249"	"P2"	"P2_Plate3"	1135	6320	14.0643073016928	-20.9145519109835	5	"Photoreceptor Precursors"
"q826_0"	"P2_C250"	"P2"	"P2_Plate3"	964	5539.99999999999	4.74107265809906	-26.0734862363163	13	"Late RPCs"
"q827_0"	"P2_C251"	"P2"	"P2_Plate3"	2111	11012	22.5185810584025	-22.9901832812413	30	"Photoreceptor Precursors"
"q828_0"	"P2_C252"	"P2"	"P2_Plate3"	1990	9979.99999999997	-8.6275654101136	-22.3324312550371	21	"Late RPCs"
"q829_0"	"P2_C253"	"P2"	"P2_Plate3"	1402	7627.99999999998	6.50199690280953	-22.1870401796915	28	"Photoreceptor Precursors"
"q830_0"	"P2_C254"	"P2"	"P2_Plate3"	1079	6036	23.700702086309	-17.8652279032393	30	"Photoreceptor Precursors"
"q831_0"	"P2_C255"	"P2"	"P2_Plate3"	1320	6884.00000000002	-2.84275095068395	-24.8154869665497	32	"Late RPCs"
"q832_0"	"P2_C256"	"P2"	"P2_Plate3"	1836	9455.99999999999	-20.4200818663772	-26.1869924663764	35	"Late RPCs"
"q833_0"	"P2_C257"	"P2"	"P2_Plate3"	1724	8791.99999999999	-2.67864981106931	-28.9727233955223	12	"Late RPCs"
"q835_0"	"P2_C259"	"P2"	"P2_Plate3"	1921	9744.00000000001	4.34102969845198	-30.8070153638553	13	"Late RPCs"
"q836_0"	"P2_C260"	"P2"	"P2_Plate3"	2416	11512	35.4575572915729	-18.1112261607331	39	"Photoreceptor Precursors"
"q837_0"	"P2_C261"	"P2"	"P2_Plate3"	1449	7308	-2.6460268374344	-16.934115123379	32	"Late RPCs"
"q838_0"	"P2_C262"	"P2"	"P2_Plate3"	1140	6256	0.021075793145907	-24.0156444801013	32	"Late RPCs"
"q839_0"	"P2_C263"	"P2"	"P2_Plate3"	1269	7075.99999999999	18.8775352077242	-17.4125230639115	5	"Photoreceptor Precursors"
"q840_0"	"P2_C264"	"P2"	"P2_Plate3"	1797	9296.00000000003	-22.7931257897576	-29.1768175523298	35	"Late RPCs"
"q841_0"	"P2_C265"	"P2"	"P2_Plate3"	1613	8387.99999999998	-7.87390491996104	-23.5477829448732	21	"Late RPCs"
"q842_0"	"P2_C266"	"P2"	"P2_Plate3"	2041	10320	-31.6024639965891	-26.4831078563184	25	"Late RPCs"
"q843_0"	"P2_C267"	"P2"	"P2_Plate3"	1282	6912	-2.66873068627346	-23.7847242305291	32	"Late RPCs"
"q844_0"	"P2_C268"	"P2"	"P2_Plate3"	1303	7316	17.6505145190852	-17.7231034569044	5	"Photoreceptor Precursors"
"q845_0"	"P2_C269"	"P2"	"P2_Plate3"	1963	9751.99999999999	-28.0501451302053	-28.3804233516982	25	"Late RPCs"
"q846_0"	"P2_C270"	"P2"	"P2_Plate3"	1345	6815.99999999998	6.10886864371764	-33.29594648454	7	"Late RPCs"
"q847_0"	"P2_C271"	"P2"	"P2_Plate3"	1514	7931.99999999999	-6.4057259991467	-28.6244997182604	12	"Late RPCs"
"q848_0"	"P2_C272"	"P2"	"P2_Plate3"	2952	14212	0.0659501866267348	-37.0400892581011	7	"Late RPCs"
"q849_0"	"P2_C273"	"P2"	"P2_Plate3"	1142	6264.00000000002	12.3604703343028	-19.0810791063096	5	"Photoreceptor Precursors"
"q850_0"	"P2_C274"	"P2"	"P2_Plate3"	1713	8975.99999999999	-30.7605779768336	-23.6619732331218	25	"Late RPCs"
"q851_0"	"P2_C275"	"P2"	"P2_Plate3"	1870	9868.00000000002	22.844451613964	-20.260258691874	30	"Photoreceptor Precursors"
"q852_0"	"P2_C276"	"P2"	"P2_Plate3"	1263	6891.99999999999	-1.83526917747655	-22.3369780217552	32	"Late RPCs"
"q853_0"	"P2_C277"	"P2"	"P2_Plate3"	1621	8460.00000000001	1.80556141373261	-25.80455522801	13	"Late RPCs"
"q854_0"	"P2_C278"	"P2"	"P2_Plate3"	1708	8551.99999999999	6.64518762178005	-21.9626704656027	28	"Photoreceptor Precursors"
"q855_0"	"P2_C279"	"P2"	"P2_Plate3"	2768	12860	-32.3540371567503	-21.5171092370681	25	"Late RPCs"
"q857_0"	"P2_C281"	"P2"	"P2_Plate3"	1252	6683.99999999999	14.9666297845875	-20.2911629421958	5	"Photoreceptor Precursors"
"q858_0"	"P2_C282"	"P2"	"P2_Plate3"	1404	7128.00000000001	-1.05920297869363	-29.0364495108426	13	"Late RPCs"
"q859_0"	"P2_C283"	"P2"	"P2_Plate3"	1133	6040	3.34743866696058	-19.4127205671141	28	"Photoreceptor Precursors"
"q860_0"	"P2_C284"	"P2"	"P2_Plate3"	1825	9004	-18.6148895622532	-29.7641999072423	35	"Late RPCs"
"q861_0"	"P2_C285"	"P2"	"P2_Plate3"	2245	11224	-27.2819305996742	-29.5038207152597	25	"Late RPCs"
"q862_0"	"P2_C286"	"P2"	"P2_Plate3"	1511	7980	-3.72741089596463	-22.2152352272615	32	"Late RPCs"
"q863_0"	"P2_C287"	"P2"	"P2_Plate3"	1413	7619.99999999998	-1.88457460053103	-35.9368627958143	7	"Late RPCs"
